crop_no,m,Dependent,Fixed,RMSE,Model ID,MAE
1,1,Yield.Change,"0+s(Temp.Change)+s(Precipitation.change)+Temp.Change:Baseline_tmp+Precipitation.change:Baseline_pre+Temp.Change:Precipitation.change+f_CO2:C3+f_CO2:C4+adapt_dummy+Temp.Change:adapt_dummy+s(Reference_fact,bs='re')+s(Temp.Change,Reference_fact,bs='re')+s(Precipitation.change,Reference_fact,bs='re')+s(f_CO2,Reference_fact,bs='re')+s(Country2_fact,bs='re')",16.04576521769409,1,10.89005101667766
1,1,Yield.Change,"0+poly(Temp.Change,2)+poly(Precipitation.change,2)+Temp.Change:Baseline_tmp+Precipitation.change:Baseline_pre+Temp.Change:Precipitation.change+f_CO2:C3+f_CO2:C4+adapt_dummy+Temp.Change:adapt_dummy+s(Reference_fact,bs='re')+s(Temp.Change,Reference_fact,bs='re')+s(Precipitation.change,Reference_fact,bs='re')+s(f_CO2,Reference_fact,bs='re')+s(Country2_fact,bs='re')",16.125207373056142,3,10.88338994857841
1,1,Yield.Change,"0+s(Temp.Change)+s(Precipitation.change)+Temp.Change:Baseline_tmp+Precipitation.change:Baseline_pre+Temp.Change:Precipitation.change+f_CO2:C3+f_CO2:C4+adapt_dummy+Temp.Change:adapt_dummy+s(Reference_fact,bs='re')+s(Country2_fact,bs='re')",16.536114004372553,2,11.355472028242042
1,1,Yield.Change,"0+poly(Temp.Change,2)+poly(Precipitation.change,2)+Temp.Change:Baseline_tmp+Precipitation.change:Baseline_pre+Temp.Change:Precipitation.change+f_CO2:C3+f_CO2:C4+adapt_dummy+Temp.Change:adapt_dummy+s(Reference_fact,bs='re')+s(Country2_fact,bs='re')",16.717800457050487,4,11.387839506118546
1,1,Yield.Change,0+Temp.Change+I(Temp.Change)^2+Temp.Change:Baseline_tmp+Precipitation.change+f_CO2:C3+f_CO2:C4+adapt_dummy+Temp.Change:adapt_dummy,21.24321372248541,5,15.380502281682096
1,2,Yield.Change,"0+s(Temp.Change)+s(Precipitation.change)+Temp.Change:Baseline_tmp+Precipitation.change:Baseline_pre+Temp.Change:Precipitation.change+f_CO2:C3+f_CO2:C4+adapt_dummy+Temp.Change:adapt_dummy+s(Reference_fact,bs='re')+s(Temp.Change,Reference_fact,bs='re')+s(Precipitation.change,Reference_fact,bs='re')+s(f_CO2,Reference_fact,bs='re')+s(Country2_fact,bs='re')",16.159377774491624,1,10.858733785595337
1,2,Yield.Change,"0+poly(Temp.Change,2)+poly(Precipitation.change,2)+Temp.Change:Baseline_tmp+Precipitation.change:Baseline_pre+Temp.Change:Precipitation.change+f_CO2:C3+f_CO2:C4+adapt_dummy+Temp.Change:adapt_dummy+s(Reference_fact,bs='re')+s(Temp.Change,Reference_fact,bs='re')+s(Precipitation.change,Reference_fact,bs='re')+s(f_CO2,Reference_fact,bs='re')+s(Country2_fact,bs='re')",16.267536794385173,3,10.859283996403029
1,2,Yield.Change,"0+s(Temp.Change)+s(Precipitation.change)+Temp.Change:Baseline_tmp+Precipitation.change:Baseline_pre+Temp.Change:Precipitation.change+f_CO2:C3+f_CO2:C4+adapt_dummy+Temp.Change:adapt_dummy+s(Reference_fact,bs='re')+s(Country2_fact,bs='re')",16.792052454868966,2,11.33451627704145
1,2,Yield.Change,"0+poly(Temp.Change,2)+poly(Precipitation.change,2)+Temp.Change:Baseline_tmp+Precipitation.change:Baseline_pre+Temp.Change:Precipitation.change+f_CO2:C3+f_CO2:C4+adapt_dummy+Temp.Change:adapt_dummy+s(Reference_fact,bs='re')+s(Country2_fact,bs='re')",16.919532239319512,4,11.353774364303302
1,2,Yield.Change,0+Temp.Change+I(Temp.Change)^2+Temp.Change:Baseline_tmp+Precipitation.change+f_CO2:C3+f_CO2:C4+adapt_dummy+Temp.Change:adapt_dummy,21.316964054600707,5,15.505102264461621
1,3,Yield.Change,"0+s(Temp.Change)+s(Precipitation.change)+Temp.Change:Baseline_tmp+Precipitation.change:Baseline_pre+Temp.Change:Precipitation.change+f_CO2:C3+f_CO2:C4+adapt_dummy+Temp.Change:adapt_dummy+s(Reference_fact,bs='re')+s(Temp.Change,Reference_fact,bs='re')+s(Precipitation.change,Reference_fact,bs='re')+s(f_CO2,Reference_fact,bs='re')+s(Country2_fact,bs='re')",16.02928858340855,1,10.863233734085249
1,3,Yield.Change,"0+poly(Temp.Change,2)+poly(Precipitation.change,2)+Temp.Change:Baseline_tmp+Precipitation.change:Baseline_pre+Temp.Change:Precipitation.change+f_CO2:C3+f_CO2:C4+adapt_dummy+Temp.Change:adapt_dummy+s(Reference_fact,bs='re')+s(Temp.Change,Reference_fact,bs='re')+s(Precipitation.change,Reference_fact,bs='re')+s(f_CO2,Reference_fact,bs='re')+s(Country2_fact,bs='re')",16.15905929958481,3,10.87265243590918
1,3,Yield.Change,"0+s(Temp.Change)+s(Precipitation.change)+Temp.Change:Baseline_tmp+Precipitation.change:Baseline_pre+Temp.Change:Precipitation.change+f_CO2:C3+f_CO2:C4+adapt_dummy+Temp.Change:adapt_dummy+s(Reference_fact,bs='re')+s(Country2_fact,bs='re')",16.48515746872214,2,11.275594913100269
1,3,Yield.Change,"0+poly(Temp.Change,2)+poly(Precipitation.change,2)+Temp.Change:Baseline_tmp+Precipitation.change:Baseline_pre+Temp.Change:Precipitation.change+f_CO2:C3+f_CO2:C4+adapt_dummy+Temp.Change:adapt_dummy+s(Reference_fact,bs='re')+s(Country2_fact,bs='re')",16.669464675201144,4,11.318671493226926
1,3,Yield.Change,0+Temp.Change+I(Temp.Change)^2+Temp.Change:Baseline_tmp+Precipitation.change+f_CO2:C3+f_CO2:C4+adapt_dummy+Temp.Change:adapt_dummy,21.26385296825074,5,15.41847116005104
1,4,Yield.Change,"0+s(Temp.Change)+s(Precipitation.change)+Temp.Change:Baseline_tmp+Precipitation.change:Baseline_pre+Temp.Change:Precipitation.change+f_CO2:C3+f_CO2:C4+adapt_dummy+Temp.Change:adapt_dummy+s(Reference_fact,bs='re')+s(Temp.Change,Reference_fact,bs='re')+s(Precipitation.change,Reference_fact,bs='re')+s(f_CO2,Reference_fact,bs='re')+s(Country2_fact,bs='re')",15.732785110660975,1,10.777578313524653
1,4,Yield.Change,"0+poly(Temp.Change,2)+poly(Precipitation.change,2)+Temp.Change:Baseline_tmp+Precipitation.change:Baseline_pre+Temp.Change:Precipitation.change+f_CO2:C3+f_CO2:C4+adapt_dummy+Temp.Change:adapt_dummy+s(Reference_fact,bs='re')+s(Temp.Change,Reference_fact,bs='re')+s(Precipitation.change,Reference_fact,bs='re')+s(f_CO2,Reference_fact,bs='re')+s(Country2_fact,bs='re')",15.838459500019372,3,10.758152238500074
1,4,Yield.Change,"0+s(Temp.Change)+s(Precipitation.change)+Temp.Change:Baseline_tmp+Precipitation.change:Baseline_pre+Temp.Change:Precipitation.change+f_CO2:C3+f_CO2:C4+adapt_dummy+Temp.Change:adapt_dummy+s(Reference_fact,bs='re')+s(Country2_fact,bs='re')",16.317569352880984,2,11.200560468937834
1,4,Yield.Change,"0+poly(Temp.Change,2)+poly(Precipitation.change,2)+Temp.Change:Baseline_tmp+Precipitation.change:Baseline_pre+Temp.Change:Precipitation.change+f_CO2:C3+f_CO2:C4+adapt_dummy+Temp.Change:adapt_dummy+s(Reference_fact,bs='re')+s(Country2_fact,bs='re')",16.462292927799652,4,11.19775367097108
1,4,Yield.Change,0+Temp.Change+I(Temp.Change)^2+Temp.Change:Baseline_tmp+Precipitation.change+f_CO2:C3+f_CO2:C4+adapt_dummy+Temp.Change:adapt_dummy,20.88539498960795,5,15.314366593414292
1,5,Yield.Change,"0+s(Temp.Change)+s(Precipitation.change)+Temp.Change:Baseline_tmp+Precipitation.change:Baseline_pre+Temp.Change:Precipitation.change+f_CO2:C3+f_CO2:C4+adapt_dummy+Temp.Change:adapt_dummy+s(Reference_fact,bs='re')+s(Temp.Change,Reference_fact,bs='re')+s(Precipitation.change,Reference_fact,bs='re')+s(f_CO2,Reference_fact,bs='re')+s(Country2_fact,bs='re')",15.686948537571448,1,10.78396654307053
1,5,Yield.Change,"0+poly(Temp.Change,2)+poly(Precipitation.change,2)+Temp.Change:Baseline_tmp+Precipitation.change:Baseline_pre+Temp.Change:Precipitation.change+f_CO2:C3+f_CO2:C4+adapt_dummy+Temp.Change:adapt_dummy+s(Reference_fact,bs='re')+s(Temp.Change,Reference_fact,bs='re')+s(Precipitation.change,Reference_fact,bs='re')+s(f_CO2,Reference_fact,bs='re')+s(Country2_fact,bs='re')",15.785926801266003,3,10.761371023003466
1,5,Yield.Change,"0+s(Temp.Change)+s(Precipitation.change)+Temp.Change:Baseline_tmp+Precipitation.change:Baseline_pre+Temp.Change:Precipitation.change+f_CO2:C3+f_CO2:C4+adapt_dummy+Temp.Change:adapt_dummy+s(Reference_fact,bs='re')+s(Country2_fact,bs='re')",16.18150588152163,2,11.154930319455023
1,5,Yield.Change,"0+poly(Temp.Change,2)+poly(Precipitation.change,2)+Temp.Change:Baseline_tmp+Precipitation.change:Baseline_pre+Temp.Change:Precipitation.change+f_CO2:C3+f_CO2:C4+adapt_dummy+Temp.Change:adapt_dummy+s(Reference_fact,bs='re')+s(Country2_fact,bs='re')",16.300168162914485,4,11.180209862597325
1,5,Yield.Change,0+Temp.Change+I(Temp.Change)^2+Temp.Change:Baseline_tmp+Precipitation.change+f_CO2:C3+f_CO2:C4+adapt_dummy+Temp.Change:adapt_dummy,21.05372271879413,5,15.350844822075322
2,1,Yield.Change,"0+s(Temp.Change)+s(Precipitation.change)+Temp.Change:Baseline_tmp+Precipitation.change:Baseline_pre+Temp.Change:Precipitation.change+f_CO2:C3+f_CO2:C4+adapt_dummy+Temp.Change:adapt_dummy+s(Reference_fact,bs='re')+s(Temp.Change,Reference_fact,bs='re')+s(Precipitation.change,Reference_fact,bs='re')+s(f_CO2,Reference_fact,bs='re')+s(Country2_fact,bs='re')",11.748032138540095,1,9.091761501199079
2,1,Yield.Change,"0+poly(Temp.Change,2)+poly(Precipitation.change,2)+Temp.Change:Baseline_tmp+Precipitation.change:Baseline_pre+Temp.Change:Precipitation.change+f_CO2:C3+f_CO2:C4+adapt_dummy+Temp.Change:adapt_dummy+s(Reference_fact,bs='re')+s(Temp.Change,Reference_fact,bs='re')+s(Precipitation.change,Reference_fact,bs='re')+s(f_CO2,Reference_fact,bs='re')+s(Country2_fact,bs='re')",11.751071931536716,3,9.094580501147721
2,1,Yield.Change,"0+s(Temp.Change)+s(Precipitation.change)+Temp.Change:Baseline_tmp+Precipitation.change:Baseline_pre+Temp.Change:Precipitation.change+f_CO2:C3+f_CO2:C4+adapt_dummy+Temp.Change:adapt_dummy+s(Reference_fact,bs='re')+s(Country2_fact,bs='re')",12.133255768763203,2,9.378824831840923
2,1,Yield.Change,"0+poly(Temp.Change,2)+poly(Precipitation.change,2)+Temp.Change:Baseline_tmp+Precipitation.change:Baseline_pre+Temp.Change:Precipitation.change+f_CO2:C3+f_CO2:C4+adapt_dummy+Temp.Change:adapt_dummy+s(Reference_fact,bs='re')+s(Country2_fact,bs='re')",12.193720562234253,4,9.415956777707303
2,1,Yield.Change,0+Temp.Change+I(Temp.Change)^2+Temp.Change:Baseline_tmp+Precipitation.change+f_CO2:C3+f_CO2:C4+adapt_dummy+Temp.Change:adapt_dummy,14.153444439914246,5,10.733514296067948
2,2,Yield.Change,"0+s(Temp.Change)+s(Precipitation.change)+Temp.Change:Baseline_tmp+Precipitation.change:Baseline_pre+Temp.Change:Precipitation.change+f_CO2:C3+f_CO2:C4+adapt_dummy+Temp.Change:adapt_dummy+s(Reference_fact,bs='re')+s(Temp.Change,Reference_fact,bs='re')+s(Precipitation.change,Reference_fact,bs='re')+s(f_CO2,Reference_fact,bs='re')+s(Country2_fact,bs='re')",11.49517605768838,1,8.979359209352234
2,2,Yield.Change,"0+poly(Temp.Change,2)+poly(Precipitation.change,2)+Temp.Change:Baseline_tmp+Precipitation.change:Baseline_pre+Temp.Change:Precipitation.change+f_CO2:C3+f_CO2:C4+adapt_dummy+Temp.Change:adapt_dummy+s(Reference_fact,bs='re')+s(Temp.Change,Reference_fact,bs='re')+s(Precipitation.change,Reference_fact,bs='re')+s(f_CO2,Reference_fact,bs='re')+s(Country2_fact,bs='re')",11.509652000457926,3,8.989719925550837
2,2,Yield.Change,"0+poly(Temp.Change,2)+poly(Precipitation.change,2)+Temp.Change:Baseline_tmp+Precipitation.change:Baseline_pre+Temp.Change:Precipitation.change+f_CO2:C3+f_CO2:C4+adapt_dummy+Temp.Change:adapt_dummy+s(Reference_fact,bs='re')+s(Country2_fact,bs='re')",12.18574572253927,4,9.55373310497171
2,2,Yield.Change,"0+s(Temp.Change)+s(Precipitation.change)+Temp.Change:Baseline_tmp+Precipitation.change:Baseline_pre+Temp.Change:Precipitation.change+f_CO2:C3+f_CO2:C4+adapt_dummy+Temp.Change:adapt_dummy+s(Reference_fact,bs='re')+s(Country2_fact,bs='re')",12.19063164816163,2,9.561833671845276
2,2,Yield.Change,0+Temp.Change+I(Temp.Change)^2+Temp.Change:Baseline_tmp+Precipitation.change+f_CO2:C3+f_CO2:C4+adapt_dummy+Temp.Change:adapt_dummy,14.65734745103142,5,11.163484621796623
2,3,Yield.Change,"0+poly(Temp.Change,2)+poly(Precipitation.change,2)+Temp.Change:Baseline_tmp+Precipitation.change:Baseline_pre+Temp.Change:Precipitation.change+f_CO2:C3+f_CO2:C4+adapt_dummy+Temp.Change:adapt_dummy+s(Reference_fact,bs='re')+s(Temp.Change,Reference_fact,bs='re')+s(Precipitation.change,Reference_fact,bs='re')+s(f_CO2,Reference_fact,bs='re')+s(Country2_fact,bs='re')",11.413343917555515,3,8.931953485210354
2,3,Yield.Change,"0+s(Temp.Change)+s(Precipitation.change)+Temp.Change:Baseline_tmp+Precipitation.change:Baseline_pre+Temp.Change:Precipitation.change+f_CO2:C3+f_CO2:C4+adapt_dummy+Temp.Change:adapt_dummy+s(Reference_fact,bs='re')+s(Temp.Change,Reference_fact,bs='re')+s(Precipitation.change,Reference_fact,bs='re')+s(f_CO2,Reference_fact,bs='re')+s(Country2_fact,bs='re')",11.413379277860635,1,8.92780294150792
2,3,Yield.Change,"0+s(Temp.Change)+s(Precipitation.change)+Temp.Change:Baseline_tmp+Precipitation.change:Baseline_pre+Temp.Change:Precipitation.change+f_CO2:C3+f_CO2:C4+adapt_dummy+Temp.Change:adapt_dummy+s(Reference_fact,bs='re')+s(Country2_fact,bs='re')",11.901925776283703,2,9.316882575333286
2,3,Yield.Change,"0+poly(Temp.Change,2)+poly(Precipitation.change,2)+Temp.Change:Baseline_tmp+Precipitation.change:Baseline_pre+Temp.Change:Precipitation.change+f_CO2:C3+f_CO2:C4+adapt_dummy+Temp.Change:adapt_dummy+s(Reference_fact,bs='re')+s(Country2_fact,bs='re')",11.90450931786512,4,9.31837122236607
2,3,Yield.Change,0+Temp.Change+I(Temp.Change)^2+Temp.Change:Baseline_tmp+Precipitation.change+f_CO2:C3+f_CO2:C4+adapt_dummy+Temp.Change:adapt_dummy,14.194205161396008,5,10.759858462126882
2,4,Yield.Change,"0+poly(Temp.Change,2)+poly(Precipitation.change,2)+Temp.Change:Baseline_tmp+Precipitation.change:Baseline_pre+Temp.Change:Precipitation.change+f_CO2:C3+f_CO2:C4+adapt_dummy+Temp.Change:adapt_dummy+s(Reference_fact,bs='re')+s(Temp.Change,Reference_fact,bs='re')+s(Precipitation.change,Reference_fact,bs='re')+s(f_CO2,Reference_fact,bs='re')+s(Country2_fact,bs='re')",11.647934428343286,3,9.053734936070807
2,4,Yield.Change,"0+s(Temp.Change)+s(Precipitation.change)+Temp.Change:Baseline_tmp+Precipitation.change:Baseline_pre+Temp.Change:Precipitation.change+f_CO2:C3+f_CO2:C4+adapt_dummy+Temp.Change:adapt_dummy+s(Reference_fact,bs='re')+s(Temp.Change,Reference_fact,bs='re')+s(Precipitation.change,Reference_fact,bs='re')+s(f_CO2,Reference_fact,bs='re')+s(Country2_fact,bs='re')",11.654678690887682,1,9.050995515887845
2,4,Yield.Change,"0+s(Temp.Change)+s(Precipitation.change)+Temp.Change:Baseline_tmp+Precipitation.change:Baseline_pre+Temp.Change:Precipitation.change+f_CO2:C3+f_CO2:C4+adapt_dummy+Temp.Change:adapt_dummy+s(Reference_fact,bs='re')+s(Country2_fact,bs='re')",12.098510723244692,2,9.479852856763287
2,4,Yield.Change,"0+poly(Temp.Change,2)+poly(Precipitation.change,2)+Temp.Change:Baseline_tmp+Precipitation.change:Baseline_pre+Temp.Change:Precipitation.change+f_CO2:C3+f_CO2:C4+adapt_dummy+Temp.Change:adapt_dummy+s(Reference_fact,bs='re')+s(Country2_fact,bs='re')",12.122058599473004,4,9.487361076010535
2,4,Yield.Change,0+Temp.Change+I(Temp.Change)^2+Temp.Change:Baseline_tmp+Precipitation.change+f_CO2:C3+f_CO2:C4+adapt_dummy+Temp.Change:adapt_dummy,14.641073756446067,5,11.122076099305783
2,5,Yield.Change,"0+poly(Temp.Change,2)+poly(Precipitation.change,2)+Temp.Change:Baseline_tmp+Precipitation.change:Baseline_pre+Temp.Change:Precipitation.change+f_CO2:C3+f_CO2:C4+adapt_dummy+Temp.Change:adapt_dummy+s(Reference_fact,bs='re')+s(Temp.Change,Reference_fact,bs='re')+s(Precipitation.change,Reference_fact,bs='re')+s(f_CO2,Reference_fact,bs='re')+s(Country2_fact,bs='re')",11.774736669896656,3,9.080303143486525
2,5,Yield.Change,"0+s(Temp.Change)+s(Precipitation.change)+Temp.Change:Baseline_tmp+Precipitation.change:Baseline_pre+Temp.Change:Precipitation.change+f_CO2:C3+f_CO2:C4+adapt_dummy+Temp.Change:adapt_dummy+s(Reference_fact,bs='re')+s(Temp.Change,Reference_fact,bs='re')+s(Precipitation.change,Reference_fact,bs='re')+s(f_CO2,Reference_fact,bs='re')+s(Country2_fact,bs='re')",11.779430075553163,1,9.086178873281055
2,5,Yield.Change,"0+poly(Temp.Change,2)+poly(Precipitation.change,2)+Temp.Change:Baseline_tmp+Precipitation.change:Baseline_pre+Temp.Change:Precipitation.change+f_CO2:C3+f_CO2:C4+adapt_dummy+Temp.Change:adapt_dummy+s(Reference_fact,bs='re')+s(Country2_fact,bs='re')",12.12210276167523,4,9.390685189439647
2,5,Yield.Change,"0+s(Temp.Change)+s(Precipitation.change)+Temp.Change:Baseline_tmp+Precipitation.change:Baseline_pre+Temp.Change:Precipitation.change+f_CO2:C3+f_CO2:C4+adapt_dummy+Temp.Change:adapt_dummy+s(Reference_fact,bs='re')+s(Country2_fact,bs='re')",12.12523065182129,2,9.392847939258985
2,5,Yield.Change,0+Temp.Change+I(Temp.Change)^2+Temp.Change:Baseline_tmp+Precipitation.change+f_CO2:C3+f_CO2:C4+adapt_dummy+Temp.Change:adapt_dummy,14.24644759369126,5,10.809282827046712
3,1,Yield.Change,"0+s(Temp.Change)+s(Precipitation.change)+Temp.Change:Baseline_tmp+Precipitation.change:Baseline_pre+Temp.Change:Precipitation.change+f_CO2:C3+f_CO2:C4+adapt_dummy+Temp.Change:adapt_dummy+s(Reference_fact,bs='re')+s(Temp.Change,Reference_fact,bs='re')+s(Precipitation.change,Reference_fact,bs='re')+s(f_CO2,Reference_fact,bs='re')+s(Country2_fact,bs='re')",20.69528585751415,1,12.829393750662762
3,1,Yield.Change,"0+poly(Temp.Change,2)+poly(Precipitation.change,2)+Temp.Change:Baseline_tmp+Precipitation.change:Baseline_pre+Temp.Change:Precipitation.change+f_CO2:C3+f_CO2:C4+adapt_dummy+Temp.Change:adapt_dummy+s(Reference_fact,bs='re')+s(Temp.Change,Reference_fact,bs='re')+s(Precipitation.change,Reference_fact,bs='re')+s(f_CO2,Reference_fact,bs='re')+s(Country2_fact,bs='re')",21.338565039287367,3,13.079241737208735
3,1,Yield.Change,"0+s(Temp.Change)+s(Precipitation.change)+Temp.Change:Baseline_tmp+Precipitation.change:Baseline_pre+Temp.Change:Precipitation.change+f_CO2:C3+f_CO2:C4+adapt_dummy+Temp.Change:adapt_dummy+s(Reference_fact,bs='re')+s(Country2_fact,bs='re')",21.897395941187643,2,13.860994566219269
3,1,Yield.Change,"0+poly(Temp.Change,2)+poly(Precipitation.change,2)+Temp.Change:Baseline_tmp+Precipitation.change:Baseline_pre+Temp.Change:Precipitation.change+f_CO2:C3+f_CO2:C4+adapt_dummy+Temp.Change:adapt_dummy+s(Reference_fact,bs='re')+s(Country2_fact,bs='re')",21.900330319192012,4,14.415200605806405
3,1,Yield.Change,0+Temp.Change+I(Temp.Change)^2+Temp.Change:Baseline_tmp+Precipitation.change+f_CO2:C3+f_CO2:C4+adapt_dummy+Temp.Change:adapt_dummy,30.574911486197827,5,19.476715369331853
3,2,Yield.Change,"0+s(Temp.Change)+s(Precipitation.change)+Temp.Change:Baseline_tmp+Precipitation.change:Baseline_pre+Temp.Change:Precipitation.change+f_CO2:C3+f_CO2:C4+adapt_dummy+Temp.Change:adapt_dummy+s(Reference_fact,bs='re')+s(Temp.Change,Reference_fact,bs='re')+s(Precipitation.change,Reference_fact,bs='re')+s(f_CO2,Reference_fact,bs='re')+s(Country2_fact,bs='re')",18.916149704023454,1,12.067486860606593
3,2,Yield.Change,"0+poly(Temp.Change,2)+poly(Precipitation.change,2)+Temp.Change:Baseline_tmp+Precipitation.change:Baseline_pre+Temp.Change:Precipitation.change+f_CO2:C3+f_CO2:C4+adapt_dummy+Temp.Change:adapt_dummy+s(Reference_fact,bs='re')+s(Temp.Change,Reference_fact,bs='re')+s(Precipitation.change,Reference_fact,bs='re')+s(f_CO2,Reference_fact,bs='re')+s(Country2_fact,bs='re')",19.30397167654818,3,12.094426273201691
3,2,Yield.Change,"0+s(Temp.Change)+s(Precipitation.change)+Temp.Change:Baseline_tmp+Precipitation.change:Baseline_pre+Temp.Change:Precipitation.change+f_CO2:C3+f_CO2:C4+adapt_dummy+Temp.Change:adapt_dummy+s(Reference_fact,bs='re')+s(Country2_fact,bs='re')",20.794895279373947,2,13.584773747203077
3,2,Yield.Change,"0+poly(Temp.Change,2)+poly(Precipitation.change,2)+Temp.Change:Baseline_tmp+Precipitation.change:Baseline_pre+Temp.Change:Precipitation.change+f_CO2:C3+f_CO2:C4+adapt_dummy+Temp.Change:adapt_dummy+s(Reference_fact,bs='re')+s(Country2_fact,bs='re')",23.263226166823575,4,14.404409544220686
3,2,Yield.Change,0+Temp.Change+I(Temp.Change)^2+Temp.Change:Baseline_tmp+Precipitation.change+f_CO2:C3+f_CO2:C4+adapt_dummy+Temp.Change:adapt_dummy,30.358361426204493,5,19.268132004853072
3,3,Yield.Change,"0+s(Temp.Change)+s(Precipitation.change)+Temp.Change:Baseline_tmp+Precipitation.change:Baseline_pre+Temp.Change:Precipitation.change+f_CO2:C3+f_CO2:C4+adapt_dummy+Temp.Change:adapt_dummy+s(Reference_fact,bs='re')+s(Temp.Change,Reference_fact,bs='re')+s(Precipitation.change,Reference_fact,bs='re')+s(f_CO2,Reference_fact,bs='re')+s(Country2_fact,bs='re')",20.82356997278739,1,12.641619432107824
3,3,Yield.Change,"0+poly(Temp.Change,2)+poly(Precipitation.change,2)+Temp.Change:Baseline_tmp+Precipitation.change:Baseline_pre+Temp.Change:Precipitation.change+f_CO2:C3+f_CO2:C4+adapt_dummy+Temp.Change:adapt_dummy+s(Reference_fact,bs='re')+s(Temp.Change,Reference_fact,bs='re')+s(Precipitation.change,Reference_fact,bs='re')+s(f_CO2,Reference_fact,bs='re')+s(Country2_fact,bs='re')",21.765928896699847,3,12.712678734108987
3,3,Yield.Change,"0+s(Temp.Change)+s(Precipitation.change)+Temp.Change:Baseline_tmp+Precipitation.change:Baseline_pre+Temp.Change:Precipitation.change+f_CO2:C3+f_CO2:C4+adapt_dummy+Temp.Change:adapt_dummy+s(Reference_fact,bs='re')+s(Country2_fact,bs='re')",22.2360332340561,2,13.486436214437697
3,3,Yield.Change,"0+poly(Temp.Change,2)+poly(Precipitation.change,2)+Temp.Change:Baseline_tmp+Precipitation.change:Baseline_pre+Temp.Change:Precipitation.change+f_CO2:C3+f_CO2:C4+adapt_dummy+Temp.Change:adapt_dummy+s(Reference_fact,bs='re')+s(Country2_fact,bs='re')",23.87398843207412,4,14.605305206261125
3,3,Yield.Change,0+Temp.Change+I(Temp.Change)^2+Temp.Change:Baseline_tmp+Precipitation.change+f_CO2:C3+f_CO2:C4+adapt_dummy+Temp.Change:adapt_dummy,30.209821502450684,5,19.062019671856078
3,4,Yield.Change,"0+s(Temp.Change)+s(Precipitation.change)+Temp.Change:Baseline_tmp+Precipitation.change:Baseline_pre+Temp.Change:Precipitation.change+f_CO2:C3+f_CO2:C4+adapt_dummy+Temp.Change:adapt_dummy+s(Reference_fact,bs='re')+s(Temp.Change,Reference_fact,bs='re')+s(Precipitation.change,Reference_fact,bs='re')+s(f_CO2,Reference_fact,bs='re')+s(Country2_fact,bs='re')",20.688347743444027,1,12.781091335044891
3,4,Yield.Change,"0+poly(Temp.Change,2)+poly(Precipitation.change,2)+Temp.Change:Baseline_tmp+Precipitation.change:Baseline_pre+Temp.Change:Precipitation.change+f_CO2:C3+f_CO2:C4+adapt_dummy+Temp.Change:adapt_dummy+s(Reference_fact,bs='re')+s(Temp.Change,Reference_fact,bs='re')+s(Precipitation.change,Reference_fact,bs='re')+s(f_CO2,Reference_fact,bs='re')+s(Country2_fact,bs='re')",20.848833014401123,3,12.87397633331959
3,4,Yield.Change,"0+poly(Temp.Change,2)+poly(Precipitation.change,2)+Temp.Change:Baseline_tmp+Precipitation.change:Baseline_pre+Temp.Change:Precipitation.change+f_CO2:C3+f_CO2:C4+adapt_dummy+Temp.Change:adapt_dummy+s(Reference_fact,bs='re')+s(Country2_fact,bs='re')",21.094799304630495,4,13.662002124388033
3,4,Yield.Change,"0+s(Temp.Change)+s(Precipitation.change)+Temp.Change:Baseline_tmp+Precipitation.change:Baseline_pre+Temp.Change:Precipitation.change+f_CO2:C3+f_CO2:C4+adapt_dummy+Temp.Change:adapt_dummy+s(Reference_fact,bs='re')+s(Country2_fact,bs='re')",21.38658513325511,2,13.623822021948635
3,4,Yield.Change,0+Temp.Change+I(Temp.Change)^2+Temp.Change:Baseline_tmp+Precipitation.change+f_CO2:C3+f_CO2:C4+adapt_dummy+Temp.Change:adapt_dummy,31.35629946862128,5,20.600420364314918
3,5,Yield.Change,"0+poly(Temp.Change,2)+poly(Precipitation.change,2)+Temp.Change:Baseline_tmp+Precipitation.change:Baseline_pre+Temp.Change:Precipitation.change+f_CO2:C3+f_CO2:C4+adapt_dummy+Temp.Change:adapt_dummy+s(Reference_fact,bs='re')+s(Temp.Change,Reference_fact,bs='re')+s(Precipitation.change,Reference_fact,bs='re')+s(f_CO2,Reference_fact,bs='re')+s(Country2_fact,bs='re')",20.971390127139284,3,12.79145480159235
3,5,Yield.Change,"0+poly(Temp.Change,2)+poly(Precipitation.change,2)+Temp.Change:Baseline_tmp+Precipitation.change:Baseline_pre+Temp.Change:Precipitation.change+f_CO2:C3+f_CO2:C4+adapt_dummy+Temp.Change:adapt_dummy+s(Reference_fact,bs='re')+s(Country2_fact,bs='re')",21.26336579814373,4,13.712214323642646
3,5,Yield.Change,"0+s(Temp.Change)+s(Precipitation.change)+Temp.Change:Baseline_tmp+Precipitation.change:Baseline_pre+Temp.Change:Precipitation.change+f_CO2:C3+f_CO2:C4+adapt_dummy+Temp.Change:adapt_dummy+s(Reference_fact,bs='re')+s(Temp.Change,Reference_fact,bs='re')+s(Precipitation.change,Reference_fact,bs='re')+s(f_CO2,Reference_fact,bs='re')+s(Country2_fact,bs='re')",22.41537221954251,1,13.172000531158007
3,5,Yield.Change,"0+s(Temp.Change)+s(Precipitation.change)+Temp.Change:Baseline_tmp+Precipitation.change:Baseline_pre+Temp.Change:Precipitation.change+f_CO2:C3+f_CO2:C4+adapt_dummy+Temp.Change:adapt_dummy+s(Reference_fact,bs='re')+s(Country2_fact,bs='re')",23.59938675532669,2,13.856940337362662
3,5,Yield.Change,0+Temp.Change+I(Temp.Change)^2+Temp.Change:Baseline_tmp+Precipitation.change+f_CO2:C3+f_CO2:C4+adapt_dummy+Temp.Change:adapt_dummy,30.275950387302004,5,19.24682908151135
4,1,Yield.Change,"0+s(Temp.Change)+s(Precipitation.change)+Temp.Change:Baseline_tmp+Precipitation.change:Baseline_pre+Temp.Change:Precipitation.change+f_CO2:C3+f_CO2:C4+adapt_dummy+Temp.Change:adapt_dummy+s(Reference_fact,bs='re')+s(Temp.Change,Reference_fact,bs='re')+s(Precipitation.change,Reference_fact,bs='re')+s(f_CO2,Reference_fact,bs='re')+s(Country2_fact,bs='re')",21.478443452777938,1,14.902609996493357
4,1,Yield.Change,"0+poly(Temp.Change,2)+poly(Precipitation.change,2)+Temp.Change:Baseline_tmp+Precipitation.change:Baseline_pre+Temp.Change:Precipitation.change+f_CO2:C3+f_CO2:C4+adapt_dummy+Temp.Change:adapt_dummy+s(Reference_fact,bs='re')+s(Temp.Change,Reference_fact,bs='re')+s(Precipitation.change,Reference_fact,bs='re')+s(f_CO2,Reference_fact,bs='re')+s(Country2_fact,bs='re')",21.589750234767443,3,15.030209589018598
4,1,Yield.Change,"0+s(Temp.Change)+s(Precipitation.change)+Temp.Change:Baseline_tmp+Precipitation.change:Baseline_pre+Temp.Change:Precipitation.change+f_CO2:C3+f_CO2:C4+adapt_dummy+Temp.Change:adapt_dummy+s(Reference_fact,bs='re')+s(Country2_fact,bs='re')",21.993067850512958,2,15.699526054849407
4,1,Yield.Change,"0+poly(Temp.Change,2)+poly(Precipitation.change,2)+Temp.Change:Baseline_tmp+Precipitation.change:Baseline_pre+Temp.Change:Precipitation.change+f_CO2:C3+f_CO2:C4+adapt_dummy+Temp.Change:adapt_dummy+s(Reference_fact,bs='re')+s(Country2_fact,bs='re')",22.05152161950863,4,15.797122199932776
4,1,Yield.Change,0+Temp.Change+I(Temp.Change)^2+Temp.Change:Baseline_tmp+Precipitation.change+f_CO2:C3+f_CO2:C4+adapt_dummy+Temp.Change:adapt_dummy,28.252618268143582,5,20.98812617956398
4,2,Yield.Change,"0+s(Temp.Change)+s(Precipitation.change)+Temp.Change:Baseline_tmp+Precipitation.change:Baseline_pre+Temp.Change:Precipitation.change+f_CO2:C3+f_CO2:C4+adapt_dummy+Temp.Change:adapt_dummy+s(Reference_fact,bs='re')+s(Temp.Change,Reference_fact,bs='re')+s(Precipitation.change,Reference_fact,bs='re')+s(f_CO2,Reference_fact,bs='re')+s(Country2_fact,bs='re')",21.14753836690044,1,14.867008091633833
4,2,Yield.Change,"0+poly(Temp.Change,2)+poly(Precipitation.change,2)+Temp.Change:Baseline_tmp+Precipitation.change:Baseline_pre+Temp.Change:Precipitation.change+f_CO2:C3+f_CO2:C4+adapt_dummy+Temp.Change:adapt_dummy+s(Reference_fact,bs='re')+s(Temp.Change,Reference_fact,bs='re')+s(Precipitation.change,Reference_fact,bs='re')+s(f_CO2,Reference_fact,bs='re')+s(Country2_fact,bs='re')",21.15297343486742,3,14.838829769031388
4,2,Yield.Change,"0+s(Temp.Change)+s(Precipitation.change)+Temp.Change:Baseline_tmp+Precipitation.change:Baseline_pre+Temp.Change:Precipitation.change+f_CO2:C3+f_CO2:C4+adapt_dummy+Temp.Change:adapt_dummy+s(Reference_fact,bs='re')+s(Country2_fact,bs='re')",21.810910942137447,2,15.715556203111543
4,2,Yield.Change,"0+poly(Temp.Change,2)+poly(Precipitation.change,2)+Temp.Change:Baseline_tmp+Precipitation.change:Baseline_pre+Temp.Change:Precipitation.change+f_CO2:C3+f_CO2:C4+adapt_dummy+Temp.Change:adapt_dummy+s(Reference_fact,bs='re')+s(Country2_fact,bs='re')",21.86768507022647,4,15.773628849478346
4,2,Yield.Change,0+Temp.Change+I(Temp.Change)^2+Temp.Change:Baseline_tmp+Precipitation.change+f_CO2:C3+f_CO2:C4+adapt_dummy+Temp.Change:adapt_dummy,27.914132062860137,5,20.66035740224367
4,3,Yield.Change,"0+poly(Temp.Change,2)+poly(Precipitation.change,2)+Temp.Change:Baseline_tmp+Precipitation.change:Baseline_pre+Temp.Change:Precipitation.change+f_CO2:C3+f_CO2:C4+adapt_dummy+Temp.Change:adapt_dummy+s(Reference_fact,bs='re')+s(Temp.Change,Reference_fact,bs='re')+s(Precipitation.change,Reference_fact,bs='re')+s(f_CO2,Reference_fact,bs='re')+s(Country2_fact,bs='re')",21.415669653641963,3,15.127092521142703
4,3,Yield.Change,"0+s(Temp.Change)+s(Precipitation.change)+Temp.Change:Baseline_tmp+Precipitation.change:Baseline_pre+Temp.Change:Precipitation.change+f_CO2:C3+f_CO2:C4+adapt_dummy+Temp.Change:adapt_dummy+s(Reference_fact,bs='re')+s(Temp.Change,Reference_fact,bs='re')+s(Precipitation.change,Reference_fact,bs='re')+s(f_CO2,Reference_fact,bs='re')+s(Country2_fact,bs='re')",21.430562793601833,1,15.149650456813617
4,3,Yield.Change,"0+s(Temp.Change)+s(Precipitation.change)+Temp.Change:Baseline_tmp+Precipitation.change:Baseline_pre+Temp.Change:Precipitation.change+f_CO2:C3+f_CO2:C4+adapt_dummy+Temp.Change:adapt_dummy+s(Reference_fact,bs='re')+s(Country2_fact,bs='re')",21.897199696186217,2,15.768720343821094
4,3,Yield.Change,"0+poly(Temp.Change,2)+poly(Precipitation.change,2)+Temp.Change:Baseline_tmp+Precipitation.change:Baseline_pre+Temp.Change:Precipitation.change+f_CO2:C3+f_CO2:C4+adapt_dummy+Temp.Change:adapt_dummy+s(Reference_fact,bs='re')+s(Country2_fact,bs='re')",21.967447606728722,4,15.909254228466397
4,3,Yield.Change,0+Temp.Change+I(Temp.Change)^2+Temp.Change:Baseline_tmp+Precipitation.change+f_CO2:C3+f_CO2:C4+adapt_dummy+Temp.Change:adapt_dummy,28.33744743830115,5,21.09199566025195
4,4,Yield.Change,"0+poly(Temp.Change,2)+poly(Precipitation.change,2)+Temp.Change:Baseline_tmp+Precipitation.change:Baseline_pre+Temp.Change:Precipitation.change+f_CO2:C3+f_CO2:C4+adapt_dummy+Temp.Change:adapt_dummy+s(Reference_fact,bs='re')+s(Temp.Change,Reference_fact,bs='re')+s(Precipitation.change,Reference_fact,bs='re')+s(f_CO2,Reference_fact,bs='re')+s(Country2_fact,bs='re')",21.539651897427827,3,14.933491967986363
4,4,Yield.Change,"0+s(Temp.Change)+s(Precipitation.change)+Temp.Change:Baseline_tmp+Precipitation.change:Baseline_pre+Temp.Change:Precipitation.change+f_CO2:C3+f_CO2:C4+adapt_dummy+Temp.Change:adapt_dummy+s(Reference_fact,bs='re')+s(Temp.Change,Reference_fact,bs='re')+s(Precipitation.change,Reference_fact,bs='re')+s(f_CO2,Reference_fact,bs='re')+s(Country2_fact,bs='re')",21.55025533717858,1,14.94114477328388
4,4,Yield.Change,"0+s(Temp.Change)+s(Precipitation.change)+Temp.Change:Baseline_tmp+Precipitation.change:Baseline_pre+Temp.Change:Precipitation.change+f_CO2:C3+f_CO2:C4+adapt_dummy+Temp.Change:adapt_dummy+s(Reference_fact,bs='re')+s(Country2_fact,bs='re')",22.213320113100483,2,15.895380193615155
4,4,Yield.Change,"0+poly(Temp.Change,2)+poly(Precipitation.change,2)+Temp.Change:Baseline_tmp+Precipitation.change:Baseline_pre+Temp.Change:Precipitation.change+f_CO2:C3+f_CO2:C4+adapt_dummy+Temp.Change:adapt_dummy+s(Reference_fact,bs='re')+s(Country2_fact,bs='re')",22.214929879364433,4,15.929235646525116
4,4,Yield.Change,0+Temp.Change+I(Temp.Change)^2+Temp.Change:Baseline_tmp+Precipitation.change+f_CO2:C3+f_CO2:C4+adapt_dummy+Temp.Change:adapt_dummy,28.42125044175889,5,21.355380063096348
4,5,Yield.Change,"0+poly(Temp.Change,2)+poly(Precipitation.change,2)+Temp.Change:Baseline_tmp+Precipitation.change:Baseline_pre+Temp.Change:Precipitation.change+f_CO2:C3+f_CO2:C4+adapt_dummy+Temp.Change:adapt_dummy+s(Reference_fact,bs='re')+s(Temp.Change,Reference_fact,bs='re')+s(Precipitation.change,Reference_fact,bs='re')+s(f_CO2,Reference_fact,bs='re')+s(Country2_fact,bs='re')",21.364417904299323,3,15.108355403838921
4,5,Yield.Change,"0+s(Temp.Change)+s(Precipitation.change)+Temp.Change:Baseline_tmp+Precipitation.change:Baseline_pre+Temp.Change:Precipitation.change+f_CO2:C3+f_CO2:C4+adapt_dummy+Temp.Change:adapt_dummy+s(Reference_fact,bs='re')+s(Temp.Change,Reference_fact,bs='re')+s(Precipitation.change,Reference_fact,bs='re')+s(f_CO2,Reference_fact,bs='re')+s(Country2_fact,bs='re')",21.395283121026953,1,15.113698912424615
4,5,Yield.Change,"0+poly(Temp.Change,2)+poly(Precipitation.change,2)+Temp.Change:Baseline_tmp+Precipitation.change:Baseline_pre+Temp.Change:Precipitation.change+f_CO2:C3+f_CO2:C4+adapt_dummy+Temp.Change:adapt_dummy+s(Reference_fact,bs='re')+s(Country2_fact,bs='re')",21.92353206878428,4,15.861646742528873
4,5,Yield.Change,"0+s(Temp.Change)+s(Precipitation.change)+Temp.Change:Baseline_tmp+Precipitation.change:Baseline_pre+Temp.Change:Precipitation.change+f_CO2:C3+f_CO2:C4+adapt_dummy+Temp.Change:adapt_dummy+s(Reference_fact,bs='re')+s(Country2_fact,bs='re')",21.95366374325518,2,15.841945513225015
4,5,Yield.Change,0+Temp.Change+I(Temp.Change)^2+Temp.Change:Baseline_tmp+Precipitation.change+f_CO2:C3+f_CO2:C4+adapt_dummy+Temp.Change:adapt_dummy,28.247038700447106,5,20.945199369610965
