Domain Code,Domain,Area Code (ISO2),Area,Element Code,Element,Item Code,Item,Year Code,Year,Unit,Value,Flag,Flag Description,Note
"FS","Suite of Food Security Indicators","AF","Afghanistan","6128","Value","21057","Average dietary energy requirement (kcal/cap/day)","2015","2015","kcal/capita/day","2118","E","Estimated value",""
"FS","Suite of Food Security Indicators","AF","Afghanistan","6128","Value","21057","Average dietary energy requirement (kcal/cap/day)","2020","2020","kcal/capita/day","2157","E","Estimated value",""
"FS","Suite of Food Security Indicators","AL","Albania","6128","Value","21057","Average dietary energy requirement (kcal/cap/day)","2015","2015","kcal/capita/day","2494","E","Estimated value",""
"FS","Suite of Food Security Indicators","AL","Albania","6128","Value","21057","Average dietary energy requirement (kcal/cap/day)","2020","2020","kcal/capita/day","2485","E","Estimated value",""
"FS","Suite of Food Security Indicators","DZ","Algeria","6128","Value","21057","Average dietary energy requirement (kcal/cap/day)","2015","2015","kcal/capita/day","2300","E","Estimated value",""
"FS","Suite of Food Security Indicators","DZ","Algeria","6128","Value","21057","Average dietary energy requirement (kcal/cap/day)","2020","2020","kcal/capita/day","2280","E","Estimated value",""
"FS","Suite of Food Security Indicators","AS","American Samoa","6128","Value","21057","Average dietary energy requirement (kcal/cap/day)","2015","2015","kcal/capita/day","","O","Missing value",""
"FS","Suite of Food Security Indicators","AS","American Samoa","6128","Value","21057","Average dietary energy requirement (kcal/cap/day)","2020","2020","kcal/capita/day","","O","Missing value",""
"FS","Suite of Food Security Indicators","AD","Andorra","6128","Value","21057","Average dietary energy requirement (kcal/cap/day)","2015","2015","kcal/capita/day","","O","Missing value",""
"FS","Suite of Food Security Indicators","AD","Andorra","6128","Value","21057","Average dietary energy requirement (kcal/cap/day)","2020","2020","kcal/capita/day","","O","Missing value",""
"FS","Suite of Food Security Indicators","AO","Angola","6128","Value","21057","Average dietary energy requirement (kcal/cap/day)","2015","2015","kcal/capita/day","2100","E","Estimated value",""
"FS","Suite of Food Security Indicators","AO","Angola","6128","Value","21057","Average dietary energy requirement (kcal/cap/day)","2020","2020","kcal/capita/day","2117","E","Estimated value",""
"FS","Suite of Food Security Indicators","AG","Antigua and Barbuda","6128","Value","21057","Average dietary energy requirement (kcal/cap/day)","2015","2015","kcal/capita/day","2449","E","Estimated value",""
"FS","Suite of Food Security Indicators","AG","Antigua and Barbuda","6128","Value","21057","Average dietary energy requirement (kcal/cap/day)","2020","2020","kcal/capita/day","2449","E","Estimated value",""
"FS","Suite of Food Security Indicators","AR","Argentina","6128","Value","21057","Average dietary energy requirement (kcal/cap/day)","2015","2015","kcal/capita/day","2410","E","Estimated value",""
"FS","Suite of Food Security Indicators","AR","Argentina","6128","Value","21057","Average dietary energy requirement (kcal/cap/day)","2020","2020","kcal/capita/day","2416","E","Estimated value",""
"FS","Suite of Food Security Indicators","AM","Armenia","6128","Value","21057","Average dietary energy requirement (kcal/cap/day)","2015","2015","kcal/capita/day","2439","E","Estimated value",""
"FS","Suite of Food Security Indicators","AM","Armenia","6128","Value","21057","Average dietary energy requirement (kcal/cap/day)","2020","2020","kcal/capita/day","2428","E","Estimated value",""
"FS","Suite of Food Security Indicators","AU","Australia","6128","Value","21057","Average dietary energy requirement (kcal/cap/day)","2015","2015","kcal/capita/day","2490","E","Estimated value",""
"FS","Suite of Food Security Indicators","AU","Australia","6128","Value","21057","Average dietary energy requirement (kcal/cap/day)","2020","2020","kcal/capita/day","2480","E","Estimated value",""
"FS","Suite of Food Security Indicators","AT","Austria","6128","Value","21057","Average dietary energy requirement (kcal/cap/day)","2015","2015","kcal/capita/day","2542","E","Estimated value",""
"FS","Suite of Food Security Indicators","AT","Austria","6128","Value","21057","Average dietary energy requirement (kcal/cap/day)","2020","2020","kcal/capita/day","2533","E","Estimated value",""
"FS","Suite of Food Security Indicators","AZ","Azerbaijan","6128","Value","21057","Average dietary energy requirement (kcal/cap/day)","2015","2015","kcal/capita/day","2416","E","Estimated value",""
"FS","Suite of Food Security Indicators","AZ","Azerbaijan","6128","Value","21057","Average dietary energy requirement (kcal/cap/day)","2020","2020","kcal/capita/day","2406","E","Estimated value",""
"FS","Suite of Food Security Indicators","BS","Bahamas","6128","Value","21057","Average dietary energy requirement (kcal/cap/day)","2015","2015","kcal/capita/day","2456","E","Estimated value",""
"FS","Suite of Food Security Indicators","BS","Bahamas","6128","Value","21057","Average dietary energy requirement (kcal/cap/day)","2020","2020","kcal/capita/day","2474","E","Estimated value",""
"FS","Suite of Food Security Indicators","BH","Bahrain","6128","Value","21057","Average dietary energy requirement (kcal/cap/day)","2015","2015","kcal/capita/day","2506","E","Estimated value",""
"FS","Suite of Food Security Indicators","BH","Bahrain","6128","Value","21057","Average dietary energy requirement (kcal/cap/day)","2020","2020","kcal/capita/day","2553","E","Estimated value",""
"FS","Suite of Food Security Indicators","BD","Bangladesh","6128","Value","21057","Average dietary energy requirement (kcal/cap/day)","2015","2015","kcal/capita/day","2286","E","Estimated value",""
"FS","Suite of Food Security Indicators","BD","Bangladesh","6128","Value","21057","Average dietary energy requirement (kcal/cap/day)","2020","2020","kcal/capita/day","2306","E","Estimated value",""
"FS","Suite of Food Security Indicators","BB","Barbados","6128","Value","21057","Average dietary energy requirement (kcal/cap/day)","2015","2015","kcal/capita/day","2479","E","Estimated value",""
"FS","Suite of Food Security Indicators","BB","Barbados","6128","Value","21057","Average dietary energy requirement (kcal/cap/day)","2020","2020","kcal/capita/day","2485","E","Estimated value",""
"FS","Suite of Food Security Indicators","BY","Belarus","6128","Value","21057","Average dietary energy requirement (kcal/cap/day)","2015","2015","kcal/capita/day","2463","E","Estimated value",""
"FS","Suite of Food Security Indicators","BY","Belarus","6128","Value","21057","Average dietary energy requirement (kcal/cap/day)","2020","2020","kcal/capita/day","2448","E","Estimated value",""
"FS","Suite of Food Security Indicators","BE","Belgium","6128","Value","21057","Average dietary energy requirement (kcal/cap/day)","2015","2015","kcal/capita/day","2539","E","Estimated value",""
"FS","Suite of Food Security Indicators","BE","Belgium","6128","Value","21057","Average dietary energy requirement (kcal/cap/day)","2020","2020","kcal/capita/day","2538","E","Estimated value",""
"FS","Suite of Food Security Indicators","BZ","Belize","6128","Value","21057","Average dietary energy requirement (kcal/cap/day)","2015","2015","kcal/capita/day","2263","E","Estimated value",""
"FS","Suite of Food Security Indicators","BZ","Belize","6128","Value","21057","Average dietary energy requirement (kcal/cap/day)","2020","2020","kcal/capita/day","2286","E","Estimated value",""
"FS","Suite of Food Security Indicators","BJ","Benin","6128","Value","21057","Average dietary energy requirement (kcal/cap/day)","2015","2015","kcal/capita/day","2190","E","Estimated value",""
"FS","Suite of Food Security Indicators","BJ","Benin","6128","Value","21057","Average dietary energy requirement (kcal/cap/day)","2020","2020","kcal/capita/day","2210","E","Estimated value",""
"FS","Suite of Food Security Indicators","BM","Bermuda","6128","Value","21057","Average dietary energy requirement (kcal/cap/day)","2015","2015","kcal/capita/day","1902","E","Estimated value",""
"FS","Suite of Food Security Indicators","BM","Bermuda","6128","Value","21057","Average dietary energy requirement (kcal/cap/day)","2020","2020","kcal/capita/day","1916","E","Estimated value",""
"FS","Suite of Food Security Indicators","BT","Bhutan","6128","Value","21057","Average dietary energy requirement (kcal/cap/day)","2015","2015","kcal/capita/day","2325","E","Estimated value",""
"FS","Suite of Food Security Indicators","BT","Bhutan","6128","Value","21057","Average dietary energy requirement (kcal/cap/day)","2020","2020","kcal/capita/day","2345","E","Estimated value",""
"FS","Suite of Food Security Indicators","BO","Bolivia (Plurinational State of)","6128","Value","21057","Average dietary energy requirement (kcal/cap/day)","2015","2015","kcal/capita/day","2248","E","Estimated value",""
"FS","Suite of Food Security Indicators","BO","Bolivia (Plurinational State of)","6128","Value","21057","Average dietary energy requirement (kcal/cap/day)","2020","2020","kcal/capita/day","2268","E","Estimated value",""
"FS","Suite of Food Security Indicators","BA","Bosnia and Herzegovina","6128","Value","21057","Average dietary energy requirement (kcal/cap/day)","2015","2015","kcal/capita/day","2508","E","Estimated value",""
"FS","Suite of Food Security Indicators","BA","Bosnia and Herzegovina","6128","Value","21057","Average dietary energy requirement (kcal/cap/day)","2020","2020","kcal/capita/day","2508","E","Estimated value",""
"FS","Suite of Food Security Indicators","BW","Botswana","6128","Value","21057","Average dietary energy requirement (kcal/cap/day)","2015","2015","kcal/capita/day","2309","E","Estimated value",""
"FS","Suite of Food Security Indicators","BW","Botswana","6128","Value","21057","Average dietary energy requirement (kcal/cap/day)","2020","2020","kcal/capita/day","2332","E","Estimated value",""
"FS","Suite of Food Security Indicators","BR","Brazil","6128","Value","21057","Average dietary energy requirement (kcal/cap/day)","2015","2015","kcal/capita/day","2445","E","Estimated value",""
"FS","Suite of Food Security Indicators","BR","Brazil","6128","Value","21057","Average dietary energy requirement (kcal/cap/day)","2020","2020","kcal/capita/day","2448","E","Estimated value",""
"FS","Suite of Food Security Indicators","BN","Brunei Darussalam","6128","Value","21057","Average dietary energy requirement (kcal/cap/day)","2015","2015","kcal/capita/day","2397","E","Estimated value",""
"FS","Suite of Food Security Indicators","BN","Brunei Darussalam","6128","Value","21057","Average dietary energy requirement (kcal/cap/day)","2020","2020","kcal/capita/day","2408","E","Estimated value",""
"FS","Suite of Food Security Indicators","BG","Bulgaria","6128","Value","21057","Average dietary energy requirement (kcal/cap/day)","2015","2015","kcal/capita/day","2491","E","Estimated value",""
"FS","Suite of Food Security Indicators","BG","Bulgaria","6128","Value","21057","Average dietary energy requirement (kcal/cap/day)","2020","2020","kcal/capita/day","2488","E","Estimated value",""
"FS","Suite of Food Security Indicators","BF","Burkina Faso","6128","Value","21057","Average dietary energy requirement (kcal/cap/day)","2015","2015","kcal/capita/day","2192","E","Estimated value",""
"FS","Suite of Food Security Indicators","BF","Burkina Faso","6128","Value","21057","Average dietary energy requirement (kcal/cap/day)","2020","2020","kcal/capita/day","2214","E","Estimated value",""
"FS","Suite of Food Security Indicators","BI","Burundi","6128","Value","21057","Average dietary energy requirement (kcal/cap/day)","2015","2015","kcal/capita/day","2101","E","Estimated value",""
"FS","Suite of Food Security Indicators","BI","Burundi","6128","Value","21057","Average dietary energy requirement (kcal/cap/day)","2020","2020","kcal/capita/day","2113","E","Estimated value",""
"FS","Suite of Food Security Indicators","CV","Cabo Verde","6128","Value","21057","Average dietary energy requirement (kcal/cap/day)","2015","2015","kcal/capita/day","2386","E","Estimated value",""
"FS","Suite of Food Security Indicators","CV","Cabo Verde","6128","Value","21057","Average dietary energy requirement (kcal/cap/day)","2020","2020","kcal/capita/day","2403","E","Estimated value",""
"FS","Suite of Food Security Indicators","KH","Cambodia","6128","Value","21057","Average dietary energy requirement (kcal/cap/day)","2015","2015","kcal/capita/day","2261","E","Estimated value",""
"FS","Suite of Food Security Indicators","KH","Cambodia","6128","Value","21057","Average dietary energy requirement (kcal/cap/day)","2020","2020","kcal/capita/day","2271","E","Estimated value",""
"FS","Suite of Food Security Indicators","CM","Cameroon","6128","Value","21057","Average dietary energy requirement (kcal/cap/day)","2015","2015","kcal/capita/day","2217","E","Estimated value",""
"FS","Suite of Food Security Indicators","CM","Cameroon","6128","Value","21057","Average dietary energy requirement (kcal/cap/day)","2020","2020","kcal/capita/day","2249","E","Estimated value",""
"FS","Suite of Food Security Indicators","CA","Canada","6128","Value","21057","Average dietary energy requirement (kcal/cap/day)","2015","2015","kcal/capita/day","2506","E","Estimated value",""
"FS","Suite of Food Security Indicators","CA","Canada","6128","Value","21057","Average dietary energy requirement (kcal/cap/day)","2020","2020","kcal/capita/day","2499","E","Estimated value",""
"FS","Suite of Food Security Indicators","CF","Central African Republic","6128","Value","21057","Average dietary energy requirement (kcal/cap/day)","2015","2015","kcal/capita/day","2157","E","Estimated value",""
"FS","Suite of Food Security Indicators","CF","Central African Republic","6128","Value","21057","Average dietary energy requirement (kcal/cap/day)","2020","2020","kcal/capita/day","2185","E","Estimated value",""
"FS","Suite of Food Security Indicators","TD","Chad","6128","Value","21057","Average dietary energy requirement (kcal/cap/day)","2015","2015","kcal/capita/day","2162","E","Estimated value",""
"FS","Suite of Food Security Indicators","TD","Chad","6128","Value","21057","Average dietary energy requirement (kcal/cap/day)","2020","2020","kcal/capita/day","2183","E","Estimated value",""
"FS","Suite of Food Security Indicators","CL","Chile","6128","Value","21057","Average dietary energy requirement (kcal/cap/day)","2015","2015","kcal/capita/day","2431","E","Estimated value",""
"FS","Suite of Food Security Indicators","CL","Chile","6128","Value","21057","Average dietary energy requirement (kcal/cap/day)","2020","2020","kcal/capita/day","2442","E","Estimated value",""
"FS","Suite of Food Security Indicators","F351","China","6128","Value","21057","Average dietary energy requirement (kcal/cap/day)","2015","2015","kcal/capita/day","2446","E","Estimated value",""
"FS","Suite of Food Security Indicators","F351","China","6128","Value","21057","Average dietary energy requirement (kcal/cap/day)","2020","2020","kcal/capita/day","2441","E","Estimated value",""
"FS","Suite of Food Security Indicators","HK","China, Hong Kong SAR","6128","Value","21057","Average dietary energy requirement (kcal/cap/day)","2015","2015","kcal/capita/day","2464","E","Estimated value",""
"FS","Suite of Food Security Indicators","HK","China, Hong Kong SAR","6128","Value","21057","Average dietary energy requirement (kcal/cap/day)","2020","2020","kcal/capita/day","2420","E","Estimated value",""
"FS","Suite of Food Security Indicators","MO","China, Macao SAR","6128","Value","21057","Average dietary energy requirement (kcal/cap/day)","2015","2015","kcal/capita/day","2477","E","Estimated value",""
"FS","Suite of Food Security Indicators","MO","China, Macao SAR","6128","Value","21057","Average dietary energy requirement (kcal/cap/day)","2020","2020","kcal/capita/day","2440","E","Estimated value",""
"FS","Suite of Food Security Indicators","CN","China, mainland","6128","Value","21057","Average dietary energy requirement (kcal/cap/day)","2015","2015","kcal/capita/day","2446","E","Estimated value",""
"FS","Suite of Food Security Indicators","CN","China, mainland","6128","Value","21057","Average dietary energy requirement (kcal/cap/day)","2020","2020","kcal/capita/day","2441","E","Estimated value",""
"FS","Suite of Food Security Indicators","TW","China, Taiwan Province of","6128","Value","21057","Average dietary energy requirement (kcal/cap/day)","2015","2015","kcal/capita/day","2479","E","Estimated value",""
"FS","Suite of Food Security Indicators","TW","China, Taiwan Province of","6128","Value","21057","Average dietary energy requirement (kcal/cap/day)","2020","2020","kcal/capita/day","2466","E","Estimated value",""
"FS","Suite of Food Security Indicators","CO","Colombia","6128","Value","21057","Average dietary energy requirement (kcal/cap/day)","2015","2015","kcal/capita/day","2344","E","Estimated value",""
"FS","Suite of Food Security Indicators","CO","Colombia","6128","Value","21057","Average dietary energy requirement (kcal/cap/day)","2020","2020","kcal/capita/day","2358","E","Estimated value",""
"FS","Suite of Food Security Indicators","KM","Comoros","6128","Value","21057","Average dietary energy requirement (kcal/cap/day)","2015","2015","kcal/capita/day","","O","Missing value",""
"FS","Suite of Food Security Indicators","KM","Comoros","6128","Value","21057","Average dietary energy requirement (kcal/cap/day)","2020","2020","kcal/capita/day","","O","Missing value",""
"FS","Suite of Food Security Indicators","CG","Congo","6128","Value","21057","Average dietary energy requirement (kcal/cap/day)","2015","2015","kcal/capita/day","2210","E","Estimated value",""
"FS","Suite of Food Security Indicators","CG","Congo","6128","Value","21057","Average dietary energy requirement (kcal/cap/day)","2020","2020","kcal/capita/day","2231","E","Estimated value",""
"FS","Suite of Food Security Indicators","CK","Cook Islands","6128","Value","21057","Average dietary energy requirement (kcal/cap/day)","2015","2015","kcal/capita/day","","O","Missing value",""
"FS","Suite of Food Security Indicators","CK","Cook Islands","6128","Value","21057","Average dietary energy requirement (kcal/cap/day)","2020","2020","kcal/capita/day","","O","Missing value",""
"FS","Suite of Food Security Indicators","CR","Costa Rica","6128","Value","21057","Average dietary energy requirement (kcal/cap/day)","2015","2015","kcal/capita/day","2437","E","Estimated value",""
"FS","Suite of Food Security Indicators","CR","Costa Rica","6128","Value","21057","Average dietary energy requirement (kcal/cap/day)","2020","2020","kcal/capita/day","2440","E","Estimated value",""
"FS","Suite of Food Security Indicators","CI","Côte d'Ivoire","6128","Value","21057","Average dietary energy requirement (kcal/cap/day)","2015","2015","kcal/capita/day","2209","E","Estimated value",""
"FS","Suite of Food Security Indicators","CI","Côte d'Ivoire","6128","Value","21057","Average dietary energy requirement (kcal/cap/day)","2020","2020","kcal/capita/day","2218","E","Estimated value",""
"FS","Suite of Food Security Indicators","HR","Croatia","6128","Value","21057","Average dietary energy requirement (kcal/cap/day)","2015","2015","kcal/capita/day","2490","E","Estimated value",""
"FS","Suite of Food Security Indicators","HR","Croatia","6128","Value","21057","Average dietary energy requirement (kcal/cap/day)","2020","2020","kcal/capita/day","2487","E","Estimated value",""
"FS","Suite of Food Security Indicators","CU","Cuba","6128","Value","21057","Average dietary energy requirement (kcal/cap/day)","2015","2015","kcal/capita/day","2442","E","Estimated value",""
"FS","Suite of Food Security Indicators","CU","Cuba","6128","Value","21057","Average dietary energy requirement (kcal/cap/day)","2020","2020","kcal/capita/day","2443","E","Estimated value",""
"FS","Suite of Food Security Indicators","CY","Cyprus","6128","Value","21057","Average dietary energy requirement (kcal/cap/day)","2015","2015","kcal/capita/day","2536","E","Estimated value",""
"FS","Suite of Food Security Indicators","CY","Cyprus","6128","Value","21057","Average dietary energy requirement (kcal/cap/day)","2020","2020","kcal/capita/day","2531","E","Estimated value",""
"FS","Suite of Food Security Indicators","CZ","Czechia","6128","Value","21057","Average dietary energy requirement (kcal/cap/day)","2015","2015","kcal/capita/day","2535","E","Estimated value",""
"FS","Suite of Food Security Indicators","CZ","Czechia","6128","Value","21057","Average dietary energy requirement (kcal/cap/day)","2020","2020","kcal/capita/day","2526","E","Estimated value",""
"FS","Suite of Food Security Indicators","KP","Democratic People's Republic of Korea","6128","Value","21057","Average dietary energy requirement (kcal/cap/day)","2015","2015","kcal/capita/day","2404","E","Estimated value",""
"FS","Suite of Food Security Indicators","KP","Democratic People's Republic of Korea","6128","Value","21057","Average dietary energy requirement (kcal/cap/day)","2020","2020","kcal/capita/day","2401","E","Estimated value",""
"FS","Suite of Food Security Indicators","CD","Democratic Republic of the Congo","6128","Value","21057","Average dietary energy requirement (kcal/cap/day)","2015","2015","kcal/capita/day","2106","E","Estimated value",""
"FS","Suite of Food Security Indicators","CD","Democratic Republic of the Congo","6128","Value","21057","Average dietary energy requirement (kcal/cap/day)","2020","2020","kcal/capita/day","2120","E","Estimated value",""
"FS","Suite of Food Security Indicators","DK","Denmark","6128","Value","21057","Average dietary energy requirement (kcal/cap/day)","2015","2015","kcal/capita/day","2548","E","Estimated value",""
"FS","Suite of Food Security Indicators","DK","Denmark","6128","Value","21057","Average dietary energy requirement (kcal/cap/day)","2020","2020","kcal/capita/day","2547","E","Estimated value",""
"FS","Suite of Food Security Indicators","DJ","Djibouti","6128","Value","21057","Average dietary energy requirement (kcal/cap/day)","2015","2015","kcal/capita/day","2405","E","Estimated value",""
"FS","Suite of Food Security Indicators","DJ","Djibouti","6128","Value","21057","Average dietary energy requirement (kcal/cap/day)","2020","2020","kcal/capita/day","2418","E","Estimated value",""
"FS","Suite of Food Security Indicators","DM","Dominica","6128","Value","21057","Average dietary energy requirement (kcal/cap/day)","2015","2015","kcal/capita/day","1894","E","Estimated value",""
"FS","Suite of Food Security Indicators","DM","Dominica","6128","Value","21057","Average dietary energy requirement (kcal/cap/day)","2020","2020","kcal/capita/day","1888","E","Estimated value",""
"FS","Suite of Food Security Indicators","DO","Dominican Republic","6128","Value","21057","Average dietary energy requirement (kcal/cap/day)","2015","2015","kcal/capita/day","2383","E","Estimated value",""
"FS","Suite of Food Security Indicators","DO","Dominican Republic","6128","Value","21057","Average dietary energy requirement (kcal/cap/day)","2020","2020","kcal/capita/day","2390","E","Estimated value",""
"FS","Suite of Food Security Indicators","EC","Ecuador","6128","Value","21057","Average dietary energy requirement (kcal/cap/day)","2015","2015","kcal/capita/day","2285","E","Estimated value",""
"FS","Suite of Food Security Indicators","EC","Ecuador","6128","Value","21057","Average dietary energy requirement (kcal/cap/day)","2020","2020","kcal/capita/day","2295","E","Estimated value",""
"FS","Suite of Food Security Indicators","EG","Egypt","6128","Value","21057","Average dietary energy requirement (kcal/cap/day)","2015","2015","kcal/capita/day","2320","E","Estimated value",""
"FS","Suite of Food Security Indicators","EG","Egypt","6128","Value","21057","Average dietary energy requirement (kcal/cap/day)","2020","2020","kcal/capita/day","2317","E","Estimated value",""
"FS","Suite of Food Security Indicators","SV","El Salvador","6128","Value","21057","Average dietary energy requirement (kcal/cap/day)","2015","2015","kcal/capita/day","2273","E","Estimated value",""
"FS","Suite of Food Security Indicators","SV","El Salvador","6128","Value","21057","Average dietary energy requirement (kcal/cap/day)","2020","2020","kcal/capita/day","2283","E","Estimated value",""
"FS","Suite of Food Security Indicators","GQ","Equatorial Guinea","6128","Value","21057","Average dietary energy requirement (kcal/cap/day)","2015","2015","kcal/capita/day","2300","E","Estimated value",""
"FS","Suite of Food Security Indicators","GQ","Equatorial Guinea","6128","Value","21057","Average dietary energy requirement (kcal/cap/day)","2020","2020","kcal/capita/day","2320","E","Estimated value",""
"FS","Suite of Food Security Indicators","ER","Eritrea","6128","Value","21057","Average dietary energy requirement (kcal/cap/day)","2015","2015","kcal/capita/day","2185","E","Estimated value",""
"FS","Suite of Food Security Indicators","ER","Eritrea","6128","Value","21057","Average dietary energy requirement (kcal/cap/day)","2020","2020","kcal/capita/day","2220","E","Estimated value",""
"FS","Suite of Food Security Indicators","EE","Estonia","6128","Value","21057","Average dietary energy requirement (kcal/cap/day)","2015","2015","kcal/capita/day","2540","E","Estimated value",""
"FS","Suite of Food Security Indicators","EE","Estonia","6128","Value","21057","Average dietary energy requirement (kcal/cap/day)","2020","2020","kcal/capita/day","2538","E","Estimated value",""
"FS","Suite of Food Security Indicators","SZ","Eswatini","6128","Value","21057","Average dietary energy requirement (kcal/cap/day)","2015","2015","kcal/capita/day","2261","E","Estimated value",""
"FS","Suite of Food Security Indicators","SZ","Eswatini","6128","Value","21057","Average dietary energy requirement (kcal/cap/day)","2020","2020","kcal/capita/day","2292","E","Estimated value",""
"FS","Suite of Food Security Indicators","ET","Ethiopia","6128","Value","21057","Average dietary energy requirement (kcal/cap/day)","2015","2015","kcal/capita/day","2198","E","Estimated value",""
"FS","Suite of Food Security Indicators","ET","Ethiopia","6128","Value","21057","Average dietary energy requirement (kcal/cap/day)","2020","2020","kcal/capita/day","2225","E","Estimated value",""
"FS","Suite of Food Security Indicators","FJ","Fiji","6128","Value","21057","Average dietary energy requirement (kcal/cap/day)","2015","2015","kcal/capita/day","2356","E","Estimated value",""
"FS","Suite of Food Security Indicators","FJ","Fiji","6128","Value","21057","Average dietary energy requirement (kcal/cap/day)","2020","2020","kcal/capita/day","2368","E","Estimated value",""
"FS","Suite of Food Security Indicators","FI","Finland","6128","Value","21057","Average dietary energy requirement (kcal/cap/day)","2015","2015","kcal/capita/day","2545","E","Estimated value",""
"FS","Suite of Food Security Indicators","FI","Finland","6128","Value","21057","Average dietary energy requirement (kcal/cap/day)","2020","2020","kcal/capita/day","2551","E","Estimated value",""
"FS","Suite of Food Security Indicators","FR","France","6128","Value","21057","Average dietary energy requirement (kcal/cap/day)","2015","2015","kcal/capita/day","2489","E","Estimated value",""
"FS","Suite of Food Security Indicators","FR","France","6128","Value","21057","Average dietary energy requirement (kcal/cap/day)","2020","2020","kcal/capita/day","2493","E","Estimated value",""
"FS","Suite of Food Security Indicators","PF","French Polynesia","6128","Value","21057","Average dietary energy requirement (kcal/cap/day)","2015","2015","kcal/capita/day","2433","E","Estimated value",""
"FS","Suite of Food Security Indicators","PF","French Polynesia","6128","Value","21057","Average dietary energy requirement (kcal/cap/day)","2020","2020","kcal/capita/day","2439","E","Estimated value",""
"FS","Suite of Food Security Indicators","GA","Gabon","6128","Value","21057","Average dietary energy requirement (kcal/cap/day)","2015","2015","kcal/capita/day","2282","E","Estimated value",""
"FS","Suite of Food Security Indicators","GA","Gabon","6128","Value","21057","Average dietary energy requirement (kcal/cap/day)","2020","2020","kcal/capita/day","2272","E","Estimated value",""
"FS","Suite of Food Security Indicators","GM","Gambia","6128","Value","21057","Average dietary energy requirement (kcal/cap/day)","2015","2015","kcal/capita/day","2219","E","Estimated value",""
"FS","Suite of Food Security Indicators","GM","Gambia","6128","Value","21057","Average dietary energy requirement (kcal/cap/day)","2020","2020","kcal/capita/day","2230","E","Estimated value",""
"FS","Suite of Food Security Indicators","GE","Georgia","6128","Value","21057","Average dietary energy requirement (kcal/cap/day)","2015","2015","kcal/capita/day","2467","E","Estimated value",""
"FS","Suite of Food Security Indicators","GE","Georgia","6128","Value","21057","Average dietary energy requirement (kcal/cap/day)","2020","2020","kcal/capita/day","2453","E","Estimated value",""
"FS","Suite of Food Security Indicators","DE","Germany","6128","Value","21057","Average dietary energy requirement (kcal/cap/day)","2015","2015","kcal/capita/day","2551","E","Estimated value",""
"FS","Suite of Food Security Indicators","DE","Germany","6128","Value","21057","Average dietary energy requirement (kcal/cap/day)","2020","2020","kcal/capita/day","2535","E","Estimated value",""
"FS","Suite of Food Security Indicators","GH","Ghana","6128","Value","21057","Average dietary energy requirement (kcal/cap/day)","2015","2015","kcal/capita/day","2281","E","Estimated value",""
"FS","Suite of Food Security Indicators","GH","Ghana","6128","Value","21057","Average dietary energy requirement (kcal/cap/day)","2020","2020","kcal/capita/day","2295","E","Estimated value",""
"FS","Suite of Food Security Indicators","GR","Greece","6128","Value","21057","Average dietary energy requirement (kcal/cap/day)","2015","2015","kcal/capita/day","2521","E","Estimated value",""
"FS","Suite of Food Security Indicators","GR","Greece","6128","Value","21057","Average dietary energy requirement (kcal/cap/day)","2020","2020","kcal/capita/day","2526","E","Estimated value",""
"FS","Suite of Food Security Indicators","GL","Greenland","6128","Value","21057","Average dietary energy requirement (kcal/cap/day)","2015","2015","kcal/capita/day","","O","Missing value",""
"FS","Suite of Food Security Indicators","GL","Greenland","6128","Value","21057","Average dietary energy requirement (kcal/cap/day)","2020","2020","kcal/capita/day","","O","Missing value",""
"FS","Suite of Food Security Indicators","GD","Grenada","6128","Value","21057","Average dietary energy requirement (kcal/cap/day)","2015","2015","kcal/capita/day","2447","E","Estimated value",""
"FS","Suite of Food Security Indicators","GD","Grenada","6128","Value","21057","Average dietary energy requirement (kcal/cap/day)","2020","2020","kcal/capita/day","2439","E","Estimated value",""
"FS","Suite of Food Security Indicators","GT","Guatemala","6128","Value","21057","Average dietary energy requirement (kcal/cap/day)","2015","2015","kcal/capita/day","2160","E","Estimated value",""
"FS","Suite of Food Security Indicators","GT","Guatemala","6128","Value","21057","Average dietary energy requirement (kcal/cap/day)","2020","2020","kcal/capita/day","2185","E","Estimated value",""
"FS","Suite of Food Security Indicators","GN","Guinea","6128","Value","21057","Average dietary energy requirement (kcal/cap/day)","2015","2015","kcal/capita/day","2174","E","Estimated value",""
"FS","Suite of Food Security Indicators","GN","Guinea","6128","Value","21057","Average dietary energy requirement (kcal/cap/day)","2020","2020","kcal/capita/day","2195","E","Estimated value",""
"FS","Suite of Food Security Indicators","GW","Guinea-Bissau","6128","Value","21057","Average dietary energy requirement (kcal/cap/day)","2015","2015","kcal/capita/day","","O","Missing value",""
"FS","Suite of Food Security Indicators","GW","Guinea-Bissau","6128","Value","21057","Average dietary energy requirement (kcal/cap/day)","2020","2020","kcal/capita/day","","O","Missing value",""
"FS","Suite of Food Security Indicators","GY","Guyana","6128","Value","21057","Average dietary energy requirement (kcal/cap/day)","2015","2015","kcal/capita/day","2329","E","Estimated value",""
"FS","Suite of Food Security Indicators","GY","Guyana","6128","Value","21057","Average dietary energy requirement (kcal/cap/day)","2020","2020","kcal/capita/day","2333","E","Estimated value",""
"FS","Suite of Food Security Indicators","HT","Haiti","6128","Value","21057","Average dietary energy requirement (kcal/cap/day)","2015","2015","kcal/capita/day","2320","E","Estimated value",""
"FS","Suite of Food Security Indicators","HT","Haiti","6128","Value","21057","Average dietary energy requirement (kcal/cap/day)","2020","2020","kcal/capita/day","2342","E","Estimated value",""
"FS","Suite of Food Security Indicators","HN","Honduras","6128","Value","21057","Average dietary energy requirement (kcal/cap/day)","2015","2015","kcal/capita/day","2267","E","Estimated value",""
"FS","Suite of Food Security Indicators","HN","Honduras","6128","Value","21057","Average dietary energy requirement (kcal/cap/day)","2020","2020","kcal/capita/day","2293","E","Estimated value",""
"FS","Suite of Food Security Indicators","HU","Hungary","6128","Value","21057","Average dietary energy requirement (kcal/cap/day)","2015","2015","kcal/capita/day","2531","E","Estimated value",""
"FS","Suite of Food Security Indicators","HU","Hungary","6128","Value","21057","Average dietary energy requirement (kcal/cap/day)","2020","2020","kcal/capita/day","2523","E","Estimated value",""
"FS","Suite of Food Security Indicators","IS","Iceland","6128","Value","21057","Average dietary energy requirement (kcal/cap/day)","2015","2015","kcal/capita/day","2527","E","Estimated value",""
"FS","Suite of Food Security Indicators","IS","Iceland","6128","Value","21057","Average dietary energy requirement (kcal/cap/day)","2020","2020","kcal/capita/day","2535","E","Estimated value",""
"FS","Suite of Food Security Indicators","IN","India","6128","Value","21057","Average dietary energy requirement (kcal/cap/day)","2015","2015","kcal/capita/day","2297","E","Estimated value",""
"FS","Suite of Food Security Indicators","IN","India","6128","Value","21057","Average dietary energy requirement (kcal/cap/day)","2020","2020","kcal/capita/day","2318","E","Estimated value",""
"FS","Suite of Food Security Indicators","ID","Indonesia","6128","Value","21057","Average dietary energy requirement (kcal/cap/day)","2015","2015","kcal/capita/day","2289","E","Estimated value",""
"FS","Suite of Food Security Indicators","ID","Indonesia","6128","Value","21057","Average dietary energy requirement (kcal/cap/day)","2020","2020","kcal/capita/day","2299","E","Estimated value",""
"FS","Suite of Food Security Indicators","IR","Iran (Islamic Republic of)","6128","Value","21057","Average dietary energy requirement (kcal/cap/day)","2015","2015","kcal/capita/day","2380","E","Estimated value",""
"FS","Suite of Food Security Indicators","IR","Iran (Islamic Republic of)","6128","Value","21057","Average dietary energy requirement (kcal/cap/day)","2020","2020","kcal/capita/day","2360","E","Estimated value",""
"FS","Suite of Food Security Indicators","IQ","Iraq","6128","Value","21057","Average dietary energy requirement (kcal/cap/day)","2015","2015","kcal/capita/day","2260","E","Estimated value",""
"FS","Suite of Food Security Indicators","IQ","Iraq","6128","Value","21057","Average dietary energy requirement (kcal/cap/day)","2020","2020","kcal/capita/day","2284","E","Estimated value",""
"FS","Suite of Food Security Indicators","IE","Ireland","6128","Value","21057","Average dietary energy requirement (kcal/cap/day)","2015","2015","kcal/capita/day","2458","E","Estimated value",""
"FS","Suite of Food Security Indicators","IE","Ireland","6128","Value","21057","Average dietary energy requirement (kcal/cap/day)","2020","2020","kcal/capita/day","2478","E","Estimated value",""
"FS","Suite of Food Security Indicators","IL","Israel","6128","Value","21057","Average dietary energy requirement (kcal/cap/day)","2015","2015","kcal/capita/day","2290","E","Estimated value",""
"FS","Suite of Food Security Indicators","IL","Israel","6128","Value","21057","Average dietary energy requirement (kcal/cap/day)","2020","2020","kcal/capita/day","2294","E","Estimated value",""
"FS","Suite of Food Security Indicators","IT","Italy","6128","Value","21057","Average dietary energy requirement (kcal/cap/day)","2015","2015","kcal/capita/day","2519","E","Estimated value",""
"FS","Suite of Food Security Indicators","IT","Italy","6128","Value","21057","Average dietary energy requirement (kcal/cap/day)","2020","2020","kcal/capita/day","2525","E","Estimated value",""
"FS","Suite of Food Security Indicators","JM","Jamaica","6128","Value","21057","Average dietary energy requirement (kcal/cap/day)","2015","2015","kcal/capita/day","2442","E","Estimated value",""
"FS","Suite of Food Security Indicators","JM","Jamaica","6128","Value","21057","Average dietary energy requirement (kcal/cap/day)","2020","2020","kcal/capita/day","2448","E","Estimated value",""
"FS","Suite of Food Security Indicators","JP","Japan","6128","Value","21057","Average dietary energy requirement (kcal/cap/day)","2015","2015","kcal/capita/day","2414","E","Estimated value",""
"FS","Suite of Food Security Indicators","JP","Japan","6128","Value","21057","Average dietary energy requirement (kcal/cap/day)","2020","2020","kcal/capita/day","2417","E","Estimated value",""
"FS","Suite of Food Security Indicators","JO","Jordan","6128","Value","21057","Average dietary energy requirement (kcal/cap/day)","2015","2015","kcal/capita/day","2306","E","Estimated value",""
"FS","Suite of Food Security Indicators","JO","Jordan","6128","Value","21057","Average dietary energy requirement (kcal/cap/day)","2020","2020","kcal/capita/day","2351","E","Estimated value",""
"FS","Suite of Food Security Indicators","KZ","Kazakhstan","6128","Value","21057","Average dietary energy requirement (kcal/cap/day)","2015","2015","kcal/capita/day","2353","E","Estimated value",""
"FS","Suite of Food Security Indicators","KZ","Kazakhstan","6128","Value","21057","Average dietary energy requirement (kcal/cap/day)","2020","2020","kcal/capita/day","2334","E","Estimated value",""
"FS","Suite of Food Security Indicators","KE","Kenya","6128","Value","21057","Average dietary energy requirement (kcal/cap/day)","2015","2015","kcal/capita/day","2188","E","Estimated value",""
"FS","Suite of Food Security Indicators","KE","Kenya","6128","Value","21057","Average dietary energy requirement (kcal/cap/day)","2020","2020","kcal/capita/day","2228","E","Estimated value",""
"FS","Suite of Food Security Indicators","KI","Kiribati","6128","Value","21057","Average dietary energy requirement (kcal/cap/day)","2015","2015","kcal/capita/day","2194","E","Estimated value",""
"FS","Suite of Food Security Indicators","KI","Kiribati","6128","Value","21057","Average dietary energy requirement (kcal/cap/day)","2020","2020","kcal/capita/day","2290","E","Estimated value",""
"FS","Suite of Food Security Indicators","KW","Kuwait","6128","Value","21057","Average dietary energy requirement (kcal/cap/day)","2015","2015","kcal/capita/day","2473","E","Estimated value",""
"FS","Suite of Food Security Indicators","KW","Kuwait","6128","Value","21057","Average dietary energy requirement (kcal/cap/day)","2020","2020","kcal/capita/day","2481","E","Estimated value",""
"FS","Suite of Food Security Indicators","KG","Kyrgyzstan","6128","Value","21057","Average dietary energy requirement (kcal/cap/day)","2015","2015","kcal/capita/day","2332","E","Estimated value",""
"FS","Suite of Food Security Indicators","KG","Kyrgyzstan","6128","Value","21057","Average dietary energy requirement (kcal/cap/day)","2020","2020","kcal/capita/day","2326","E","Estimated value",""
"FS","Suite of Food Security Indicators","LA","Lao People's Democratic Republic","6128","Value","21057","Average dietary energy requirement (kcal/cap/day)","2015","2015","kcal/capita/day","2326","E","Estimated value",""
"FS","Suite of Food Security Indicators","LA","Lao People's Democratic Republic","6128","Value","21057","Average dietary energy requirement (kcal/cap/day)","2020","2020","kcal/capita/day","2342","E","Estimated value",""
"FS","Suite of Food Security Indicators","LV","Latvia","6128","Value","21057","Average dietary energy requirement (kcal/cap/day)","2015","2015","kcal/capita/day","2461","E","Estimated value",""
"FS","Suite of Food Security Indicators","LV","Latvia","6128","Value","21057","Average dietary energy requirement (kcal/cap/day)","2020","2020","kcal/capita/day","2435","E","Estimated value",""
"FS","Suite of Food Security Indicators","LB","Lebanon","6128","Value","21057","Average dietary energy requirement (kcal/cap/day)","2015","2015","kcal/capita/day","2380","E","Estimated value",""
"FS","Suite of Food Security Indicators","LB","Lebanon","6128","Value","21057","Average dietary energy requirement (kcal/cap/day)","2020","2020","kcal/capita/day","2402","E","Estimated value",""
"FS","Suite of Food Security Indicators","LS","Lesotho","6128","Value","21057","Average dietary energy requirement (kcal/cap/day)","2015","2015","kcal/capita/day","2298","E","Estimated value",""
"FS","Suite of Food Security Indicators","LS","Lesotho","6128","Value","21057","Average dietary energy requirement (kcal/cap/day)","2020","2020","kcal/capita/day","2304","E","Estimated value",""
"FS","Suite of Food Security Indicators","LR","Liberia","6128","Value","21057","Average dietary energy requirement (kcal/cap/day)","2015","2015","kcal/capita/day","2192","E","Estimated value",""
"FS","Suite of Food Security Indicators","LR","Liberia","6128","Value","21057","Average dietary energy requirement (kcal/cap/day)","2020","2020","kcal/capita/day","2216","E","Estimated value",""
"FS","Suite of Food Security Indicators","LY","Libya","6128","Value","21057","Average dietary energy requirement (kcal/cap/day)","2015","2015","kcal/capita/day","2373","E","Estimated value",""
"FS","Suite of Food Security Indicators","LY","Libya","6128","Value","21057","Average dietary energy requirement (kcal/cap/day)","2020","2020","kcal/capita/day","2390","E","Estimated value",""
"FS","Suite of Food Security Indicators","LT","Lithuania","6128","Value","21057","Average dietary energy requirement (kcal/cap/day)","2015","2015","kcal/capita/day","2472","E","Estimated value",""
"FS","Suite of Food Security Indicators","LT","Lithuania","6128","Value","21057","Average dietary energy requirement (kcal/cap/day)","2020","2020","kcal/capita/day","2448","E","Estimated value",""
"FS","Suite of Food Security Indicators","LU","Luxembourg","6128","Value","21057","Average dietary energy requirement (kcal/cap/day)","2015","2015","kcal/capita/day","2573","E","Estimated value",""
"FS","Suite of Food Security Indicators","LU","Luxembourg","6128","Value","21057","Average dietary energy requirement (kcal/cap/day)","2020","2020","kcal/capita/day","2579","E","Estimated value",""
"FS","Suite of Food Security Indicators","MG","Madagascar","6128","Value","21057","Average dietary energy requirement (kcal/cap/day)","2015","2015","kcal/capita/day","2143","E","Estimated value",""
"FS","Suite of Food Security Indicators","MG","Madagascar","6128","Value","21057","Average dietary energy requirement (kcal/cap/day)","2020","2020","kcal/capita/day","2160","E","Estimated value",""
"FS","Suite of Food Security Indicators","MW","Malawi","6128","Value","21057","Average dietary energy requirement (kcal/cap/day)","2015","2015","kcal/capita/day","2146","E","Estimated value",""
"FS","Suite of Food Security Indicators","MW","Malawi","6128","Value","21057","Average dietary energy requirement (kcal/cap/day)","2020","2020","kcal/capita/day","2180","E","Estimated value",""
"FS","Suite of Food Security Indicators","MY","Malaysia","6128","Value","21057","Average dietary energy requirement (kcal/cap/day)","2015","2015","kcal/capita/day","2378","E","Estimated value",""
"FS","Suite of Food Security Indicators","MY","Malaysia","6128","Value","21057","Average dietary energy requirement (kcal/cap/day)","2020","2020","kcal/capita/day","2382","E","Estimated value",""
"FS","Suite of Food Security Indicators","MV","Maldives","6128","Value","21057","Average dietary energy requirement (kcal/cap/day)","2015","2015","kcal/capita/day","2422","E","Estimated value",""
"FS","Suite of Food Security Indicators","MV","Maldives","6128","Value","21057","Average dietary energy requirement (kcal/cap/day)","2020","2020","kcal/capita/day","2498","E","Estimated value",""
"FS","Suite of Food Security Indicators","ML","Mali","6128","Value","21057","Average dietary energy requirement (kcal/cap/day)","2015","2015","kcal/capita/day","2087","E","Estimated value",""
"FS","Suite of Food Security Indicators","ML","Mali","6128","Value","21057","Average dietary energy requirement (kcal/cap/day)","2020","2020","kcal/capita/day","2192","E","Estimated value",""
"FS","Suite of Food Security Indicators","MT","Malta","6128","Value","21057","Average dietary energy requirement (kcal/cap/day)","2015","2015","kcal/capita/day","2532","E","Estimated value",""
"FS","Suite of Food Security Indicators","MT","Malta","6128","Value","21057","Average dietary energy requirement (kcal/cap/day)","2020","2020","kcal/capita/day","2518","E","Estimated value",""
"FS","Suite of Food Security Indicators","MH","Marshall Islands","6128","Value","21057","Average dietary energy requirement (kcal/cap/day)","2015","2015","kcal/capita/day","","O","Missing value",""
"FS","Suite of Food Security Indicators","MH","Marshall Islands","6128","Value","21057","Average dietary energy requirement (kcal/cap/day)","2020","2020","kcal/capita/day","","O","Missing value",""
"FS","Suite of Food Security Indicators","MR","Mauritania","6128","Value","21057","Average dietary energy requirement (kcal/cap/day)","2015","2015","kcal/capita/day","2235","E","Estimated value",""
"FS","Suite of Food Security Indicators","MR","Mauritania","6128","Value","21057","Average dietary energy requirement (kcal/cap/day)","2020","2020","kcal/capita/day","2247","E","Estimated value",""
"FS","Suite of Food Security Indicators","MU","Mauritius","6128","Value","21057","Average dietary energy requirement (kcal/cap/day)","2015","2015","kcal/capita/day","2431","E","Estimated value",""
"FS","Suite of Food Security Indicators","MU","Mauritius","6128","Value","21057","Average dietary energy requirement (kcal/cap/day)","2020","2020","kcal/capita/day","2444","E","Estimated value",""
"FS","Suite of Food Security Indicators","MX","Mexico","6128","Value","21057","Average dietary energy requirement (kcal/cap/day)","2015","2015","kcal/capita/day","2372","E","Estimated value",""
"FS","Suite of Food Security Indicators","MX","Mexico","6128","Value","21057","Average dietary energy requirement (kcal/cap/day)","2020","2020","kcal/capita/day","2388","E","Estimated value",""
"FS","Suite of Food Security Indicators","FM","Micronesia (Federated States of)","6128","Value","21057","Average dietary energy requirement (kcal/cap/day)","2015","2015","kcal/capita/day","2247","E","Estimated value",""
"FS","Suite of Food Security Indicators","FM","Micronesia (Federated States of)","6128","Value","21057","Average dietary energy requirement (kcal/cap/day)","2020","2020","kcal/capita/day","2258","E","Estimated value",""
"FS","Suite of Food Security Indicators","MN","Mongolia","6128","Value","21057","Average dietary energy requirement (kcal/cap/day)","2015","2015","kcal/capita/day","2324","E","Estimated value",""
"FS","Suite of Food Security Indicators","MN","Mongolia","6128","Value","21057","Average dietary energy requirement (kcal/cap/day)","2020","2020","kcal/capita/day","2304","E","Estimated value",""
"FS","Suite of Food Security Indicators","ME","Montenegro","6128","Value","21057","Average dietary energy requirement (kcal/cap/day)","2015","2015","kcal/capita/day","2481","E","Estimated value",""
"FS","Suite of Food Security Indicators","ME","Montenegro","6128","Value","21057","Average dietary energy requirement (kcal/cap/day)","2020","2020","kcal/capita/day","2479","E","Estimated value",""
"FS","Suite of Food Security Indicators","MA","Morocco","6128","Value","21057","Average dietary energy requirement (kcal/cap/day)","2015","2015","kcal/capita/day","2366","E","Estimated value",""
"FS","Suite of Food Security Indicators","MA","Morocco","6128","Value","21057","Average dietary energy requirement (kcal/cap/day)","2020","2020","kcal/capita/day","2373","E","Estimated value",""
"FS","Suite of Food Security Indicators","MZ","Mozambique","6128","Value","21057","Average dietary energy requirement (kcal/cap/day)","2015","2015","kcal/capita/day","2127","E","Estimated value",""
"FS","Suite of Food Security Indicators","MZ","Mozambique","6128","Value","21057","Average dietary energy requirement (kcal/cap/day)","2020","2020","kcal/capita/day","2147","E","Estimated value",""
"FS","Suite of Food Security Indicators","MM","Myanmar","6128","Value","21057","Average dietary energy requirement (kcal/cap/day)","2015","2015","kcal/capita/day","2292","E","Estimated value",""
"FS","Suite of Food Security Indicators","MM","Myanmar","6128","Value","21057","Average dietary energy requirement (kcal/cap/day)","2020","2020","kcal/capita/day","2309","E","Estimated value",""
"FS","Suite of Food Security Indicators","NA","Namibia","6128","Value","21057","Average dietary energy requirement (kcal/cap/day)","2015","2015","kcal/capita/day","2252","E","Estimated value",""
"FS","Suite of Food Security Indicators","NA","Namibia","6128","Value","21057","Average dietary energy requirement (kcal/cap/day)","2020","2020","kcal/capita/day","2262","E","Estimated value",""
"FS","Suite of Food Security Indicators","NR","Nauru","6128","Value","21057","Average dietary energy requirement (kcal/cap/day)","2015","2015","kcal/capita/day","","O","Missing value",""
"FS","Suite of Food Security Indicators","NR","Nauru","6128","Value","21057","Average dietary energy requirement (kcal/cap/day)","2020","2020","kcal/capita/day","","O","Missing value",""
"FS","Suite of Food Security Indicators","NP","Nepal","6128","Value","21057","Average dietary energy requirement (kcal/cap/day)","2015","2015","kcal/capita/day","2221","E","Estimated value",""
"FS","Suite of Food Security Indicators","NP","Nepal","6128","Value","21057","Average dietary energy requirement (kcal/cap/day)","2020","2020","kcal/capita/day","2263","E","Estimated value",""
"FS","Suite of Food Security Indicators","NL","Netherlands","6128","Value","21057","Average dietary energy requirement (kcal/cap/day)","2015","2015","kcal/capita/day","2576","E","Estimated value",""
"FS","Suite of Food Security Indicators","NL","Netherlands","6128","Value","21057","Average dietary energy requirement (kcal/cap/day)","2020","2020","kcal/capita/day","2577","E","Estimated value",""
"FS","Suite of Food Security Indicators","NC","New Caledonia","6128","Value","21057","Average dietary energy requirement (kcal/cap/day)","2015","2015","kcal/capita/day","2321","E","Estimated value",""
"FS","Suite of Food Security Indicators","NC","New Caledonia","6128","Value","21057","Average dietary energy requirement (kcal/cap/day)","2020","2020","kcal/capita/day","2336","E","Estimated value",""
"FS","Suite of Food Security Indicators","NZ","New Zealand","6128","Value","21057","Average dietary energy requirement (kcal/cap/day)","2015","2015","kcal/capita/day","2480","E","Estimated value",""
"FS","Suite of Food Security Indicators","NZ","New Zealand","6128","Value","21057","Average dietary energy requirement (kcal/cap/day)","2020","2020","kcal/capita/day","2482","E","Estimated value",""
"FS","Suite of Food Security Indicators","NI","Nicaragua","6128","Value","21057","Average dietary energy requirement (kcal/cap/day)","2015","2015","kcal/capita/day","2282","E","Estimated value",""
"FS","Suite of Food Security Indicators","NI","Nicaragua","6128","Value","21057","Average dietary energy requirement (kcal/cap/day)","2020","2020","kcal/capita/day","2299","E","Estimated value",""
"FS","Suite of Food Security Indicators","NE","Niger","6128","Value","21057","Average dietary energy requirement (kcal/cap/day)","2015","2015","kcal/capita/day","","O","Missing value",""
"FS","Suite of Food Security Indicators","NE","Niger","6128","Value","21057","Average dietary energy requirement (kcal/cap/day)","2020","2020","kcal/capita/day","","O","Missing value",""
"FS","Suite of Food Security Indicators","NG","Nigeria","6128","Value","21057","Average dietary energy requirement (kcal/cap/day)","2015","2015","kcal/capita/day","2157","E","Estimated value",""
"FS","Suite of Food Security Indicators","NG","Nigeria","6128","Value","21057","Average dietary energy requirement (kcal/cap/day)","2020","2020","kcal/capita/day","2190","E","Estimated value",""
"FS","Suite of Food Security Indicators","NU","Niue","6128","Value","21057","Average dietary energy requirement (kcal/cap/day)","2015","2015","kcal/capita/day","","O","Missing value",""
"FS","Suite of Food Security Indicators","NU","Niue","6128","Value","21057","Average dietary energy requirement (kcal/cap/day)","2020","2020","kcal/capita/day","","O","Missing value",""
"FS","Suite of Food Security Indicators","MK","North Macedonia","6128","Value","21057","Average dietary energy requirement (kcal/cap/day)","2015","2015","kcal/capita/day","2509","E","Estimated value",""
"FS","Suite of Food Security Indicators","MK","North Macedonia","6128","Value","21057","Average dietary energy requirement (kcal/cap/day)","2020","2020","kcal/capita/day","2503","E","Estimated value",""
"FS","Suite of Food Security Indicators","NO","Norway","6128","Value","21057","Average dietary energy requirement (kcal/cap/day)","2015","2015","kcal/capita/day","2546","E","Estimated value",""
"FS","Suite of Food Security Indicators","NO","Norway","6128","Value","21057","Average dietary energy requirement (kcal/cap/day)","2020","2020","kcal/capita/day","2552","E","Estimated value",""
"FS","Suite of Food Security Indicators","OM","Oman","6128","Value","21057","Average dietary energy requirement (kcal/cap/day)","2015","2015","kcal/capita/day","2507","E","Estimated value",""
"FS","Suite of Food Security Indicators","OM","Oman","6128","Value","21057","Average dietary energy requirement (kcal/cap/day)","2020","2020","kcal/capita/day","2501","E","Estimated value",""
"FS","Suite of Food Security Indicators","PK","Pakistan","6128","Value","21057","Average dietary energy requirement (kcal/cap/day)","2015","2015","kcal/capita/day","2238","E","Estimated value",""
"FS","Suite of Food Security Indicators","PK","Pakistan","6128","Value","21057","Average dietary energy requirement (kcal/cap/day)","2020","2020","kcal/capita/day","2248","E","Estimated value",""
"FS","Suite of Food Security Indicators","PW","Palau","6128","Value","21057","Average dietary energy requirement (kcal/cap/day)","2015","2015","kcal/capita/day","","O","Missing value",""
"FS","Suite of Food Security Indicators","PW","Palau","6128","Value","21057","Average dietary energy requirement (kcal/cap/day)","2020","2020","kcal/capita/day","","O","Missing value",""
"FS","Suite of Food Security Indicators","F299","Palestine","6128","Value","21057","Average dietary energy requirement (kcal/cap/day)","2015","2015","kcal/capita/day","2215","E","Estimated value",""
"FS","Suite of Food Security Indicators","F299","Palestine","6128","Value","21057","Average dietary energy requirement (kcal/cap/day)","2020","2020","kcal/capita/day","2238","E","Estimated value",""
"FS","Suite of Food Security Indicators","PA","Panama","6128","Value","21057","Average dietary energy requirement (kcal/cap/day)","2015","2015","kcal/capita/day","2291","E","Estimated value",""
"FS","Suite of Food Security Indicators","PA","Panama","6128","Value","21057","Average dietary energy requirement (kcal/cap/day)","2020","2020","kcal/capita/day","2302","E","Estimated value",""
"FS","Suite of Food Security Indicators","PG","Papua New Guinea","6128","Value","21057","Average dietary energy requirement (kcal/cap/day)","2015","2015","kcal/capita/day","2197","E","Estimated value",""
"FS","Suite of Food Security Indicators","PG","Papua New Guinea","6128","Value","21057","Average dietary energy requirement (kcal/cap/day)","2020","2020","kcal/capita/day","2216","E","Estimated value",""
"FS","Suite of Food Security Indicators","PY","Paraguay","6128","Value","21057","Average dietary energy requirement (kcal/cap/day)","2015","2015","kcal/capita/day","2358","E","Estimated value",""
"FS","Suite of Food Security Indicators","PY","Paraguay","6128","Value","21057","Average dietary energy requirement (kcal/cap/day)","2020","2020","kcal/capita/day","2369","E","Estimated value",""
"FS","Suite of Food Security Indicators","PE","Peru","6128","Value","21057","Average dietary energy requirement (kcal/cap/day)","2015","2015","kcal/capita/day","2291","E","Estimated value",""
"FS","Suite of Food Security Indicators","PE","Peru","6128","Value","21057","Average dietary energy requirement (kcal/cap/day)","2020","2020","kcal/capita/day","2315","E","Estimated value",""
"FS","Suite of Food Security Indicators","PH","Philippines","6128","Value","21057","Average dietary energy requirement (kcal/cap/day)","2015","2015","kcal/capita/day","2225","E","Estimated value",""
"FS","Suite of Food Security Indicators","PH","Philippines","6128","Value","21057","Average dietary energy requirement (kcal/cap/day)","2020","2020","kcal/capita/day","2252","E","Estimated value",""
"FS","Suite of Food Security Indicators","PL","Poland","6128","Value","21057","Average dietary energy requirement (kcal/cap/day)","2015","2015","kcal/capita/day","2518","E","Estimated value",""
"FS","Suite of Food Security Indicators","PL","Poland","6128","Value","21057","Average dietary energy requirement (kcal/cap/day)","2020","2020","kcal/capita/day","2503","E","Estimated value",""
"FS","Suite of Food Security Indicators","PT","Portugal","6128","Value","21057","Average dietary energy requirement (kcal/cap/day)","2015","2015","kcal/capita/day","2491","E","Estimated value",""
"FS","Suite of Food Security Indicators","PT","Portugal","6128","Value","21057","Average dietary energy requirement (kcal/cap/day)","2020","2020","kcal/capita/day","2493","E","Estimated value",""
"FS","Suite of Food Security Indicators","PR","Puerto Rico","6128","Value","21057","Average dietary energy requirement (kcal/cap/day)","2015","2015","kcal/capita/day","2462","E","Estimated value",""
"FS","Suite of Food Security Indicators","PR","Puerto Rico","6128","Value","21057","Average dietary energy requirement (kcal/cap/day)","2020","2020","kcal/capita/day","2489","E","Estimated value",""
"FS","Suite of Food Security Indicators","QA","Qatar","6128","Value","21057","Average dietary energy requirement (kcal/cap/day)","2015","2015","kcal/capita/day","2703","E","Estimated value",""
"FS","Suite of Food Security Indicators","QA","Qatar","6128","Value","21057","Average dietary energy requirement (kcal/cap/day)","2020","2020","kcal/capita/day","2689","E","Estimated value",""
"FS","Suite of Food Security Indicators","KR","Republic of Korea","6128","Value","21057","Average dietary energy requirement (kcal/cap/day)","2015","2015","kcal/capita/day","2464","E","Estimated value",""
"FS","Suite of Food Security Indicators","KR","Republic of Korea","6128","Value","21057","Average dietary energy requirement (kcal/cap/day)","2020","2020","kcal/capita/day","2461","E","Estimated value",""
"FS","Suite of Food Security Indicators","MD","Republic of Moldova","6128","Value","21057","Average dietary energy requirement (kcal/cap/day)","2015","2015","kcal/capita/day","","O","Missing value",""
"FS","Suite of Food Security Indicators","MD","Republic of Moldova","6128","Value","21057","Average dietary energy requirement (kcal/cap/day)","2020","2020","kcal/capita/day","","O","Missing value",""
"FS","Suite of Food Security Indicators","RO","Romania","6128","Value","21057","Average dietary energy requirement (kcal/cap/day)","2015","2015","kcal/capita/day","2496","E","Estimated value",""
"FS","Suite of Food Security Indicators","RO","Romania","6128","Value","21057","Average dietary energy requirement (kcal/cap/day)","2020","2020","kcal/capita/day","2489","E","Estimated value",""
"FS","Suite of Food Security Indicators","RU","Russian Federation","6128","Value","21057","Average dietary energy requirement (kcal/cap/day)","2015","2015","kcal/capita/day","2468","E","Estimated value",""
"FS","Suite of Food Security Indicators","RU","Russian Federation","6128","Value","21057","Average dietary energy requirement (kcal/cap/day)","2020","2020","kcal/capita/day","2448","E","Estimated value",""
"FS","Suite of Food Security Indicators","RW","Rwanda","6128","Value","21057","Average dietary energy requirement (kcal/cap/day)","2015","2015","kcal/capita/day","2202","E","Estimated value",""
"FS","Suite of Food Security Indicators","RW","Rwanda","6128","Value","21057","Average dietary energy requirement (kcal/cap/day)","2020","2020","kcal/capita/day","2214","E","Estimated value",""
"FS","Suite of Food Security Indicators","KN","Saint Kitts and Nevis","6128","Value","21057","Average dietary energy requirement (kcal/cap/day)","2015","2015","kcal/capita/day","1889","E","Estimated value",""
"FS","Suite of Food Security Indicators","KN","Saint Kitts and Nevis","6128","Value","21057","Average dietary energy requirement (kcal/cap/day)","2020","2020","kcal/capita/day","1889","E","Estimated value",""
"FS","Suite of Food Security Indicators","LC","Saint Lucia","6128","Value","21057","Average dietary energy requirement (kcal/cap/day)","2015","2015","kcal/capita/day","2499","E","Estimated value",""
"FS","Suite of Food Security Indicators","LC","Saint Lucia","6128","Value","21057","Average dietary energy requirement (kcal/cap/day)","2020","2020","kcal/capita/day","2506","E","Estimated value",""
"FS","Suite of Food Security Indicators","VC","Saint Vincent and the Grenadines","6128","Value","21057","Average dietary energy requirement (kcal/cap/day)","2015","2015","kcal/capita/day","2457","E","Estimated value",""
"FS","Suite of Food Security Indicators","VC","Saint Vincent and the Grenadines","6128","Value","21057","Average dietary energy requirement (kcal/cap/day)","2020","2020","kcal/capita/day","2471","E","Estimated value",""
"FS","Suite of Food Security Indicators","WS","Samoa","6128","Value","21057","Average dietary energy requirement (kcal/cap/day)","2015","2015","kcal/capita/day","2323","E","Estimated value",""
"FS","Suite of Food Security Indicators","WS","Samoa","6128","Value","21057","Average dietary energy requirement (kcal/cap/day)","2020","2020","kcal/capita/day","2353","E","Estimated value",""
"FS","Suite of Food Security Indicators","ST","Sao Tome and Principe","6128","Value","21057","Average dietary energy requirement (kcal/cap/day)","2015","2015","kcal/capita/day","2223","E","Estimated value",""
"FS","Suite of Food Security Indicators","ST","Sao Tome and Principe","6128","Value","21057","Average dietary energy requirement (kcal/cap/day)","2020","2020","kcal/capita/day","2249","E","Estimated value",""
"FS","Suite of Food Security Indicators","SA","Saudi Arabia","6128","Value","21057","Average dietary energy requirement (kcal/cap/day)","2015","2015","kcal/capita/day","2411","E","Estimated value",""
"FS","Suite of Food Security Indicators","SA","Saudi Arabia","6128","Value","21057","Average dietary energy requirement (kcal/cap/day)","2020","2020","kcal/capita/day","2428","E","Estimated value",""
"FS","Suite of Food Security Indicators","SN","Senegal","6128","Value","21057","Average dietary energy requirement (kcal/cap/day)","2015","2015","kcal/capita/day","2225","E","Estimated value",""
"FS","Suite of Food Security Indicators","SN","Senegal","6128","Value","21057","Average dietary energy requirement (kcal/cap/day)","2020","2020","kcal/capita/day","2247","E","Estimated value",""
"FS","Suite of Food Security Indicators","RS","Serbia","6128","Value","21057","Average dietary energy requirement (kcal/cap/day)","2015","2015","kcal/capita/day","2492","E","Estimated value",""
"FS","Suite of Food Security Indicators","RS","Serbia","6128","Value","21057","Average dietary energy requirement (kcal/cap/day)","2020","2020","kcal/capita/day","2495","E","Estimated value",""
"FS","Suite of Food Security Indicators","SC","Seychelles","6128","Value","21057","Average dietary energy requirement (kcal/cap/day)","2015","2015","kcal/capita/day","2395","E","Estimated value",""
"FS","Suite of Food Security Indicators","SC","Seychelles","6128","Value","21057","Average dietary energy requirement (kcal/cap/day)","2020","2020","kcal/capita/day","2384","E","Estimated value",""
"FS","Suite of Food Security Indicators","SL","Sierra Leone","6128","Value","21057","Average dietary energy requirement (kcal/cap/day)","2015","2015","kcal/capita/day","2207","E","Estimated value",""
"FS","Suite of Food Security Indicators","SL","Sierra Leone","6128","Value","21057","Average dietary energy requirement (kcal/cap/day)","2020","2020","kcal/capita/day","2231","E","Estimated value",""
"FS","Suite of Food Security Indicators","SG","Singapore","6128","Value","21057","Average dietary energy requirement (kcal/cap/day)","2015","2015","kcal/capita/day","2503","E","Estimated value",""
"FS","Suite of Food Security Indicators","SG","Singapore","6128","Value","21057","Average dietary energy requirement (kcal/cap/day)","2020","2020","kcal/capita/day","2478","E","Estimated value",""
"FS","Suite of Food Security Indicators","SK","Slovakia","6128","Value","21057","Average dietary energy requirement (kcal/cap/day)","2015","2015","kcal/capita/day","2550","E","Estimated value",""
"FS","Suite of Food Security Indicators","SK","Slovakia","6128","Value","21057","Average dietary energy requirement (kcal/cap/day)","2020","2020","kcal/capita/day","2537","E","Estimated value",""
"FS","Suite of Food Security Indicators","SI","Slovenia","6128","Value","21057","Average dietary energy requirement (kcal/cap/day)","2015","2015","kcal/capita/day","2495","E","Estimated value",""
"FS","Suite of Food Security Indicators","SI","Slovenia","6128","Value","21057","Average dietary energy requirement (kcal/cap/day)","2020","2020","kcal/capita/day","2486","E","Estimated value",""
"FS","Suite of Food Security Indicators","SB","Solomon Islands","6128","Value","21057","Average dietary energy requirement (kcal/cap/day)","2015","2015","kcal/capita/day","2158","E","Estimated value",""
"FS","Suite of Food Security Indicators","SB","Solomon Islands","6128","Value","21057","Average dietary energy requirement (kcal/cap/day)","2020","2020","kcal/capita/day","2163","E","Estimated value",""
"FS","Suite of Food Security Indicators","SO","Somalia","6128","Value","21057","Average dietary energy requirement (kcal/cap/day)","2015","2015","kcal/capita/day","2182","E","Estimated value",""
"FS","Suite of Food Security Indicators","SO","Somalia","6128","Value","21057","Average dietary energy requirement (kcal/cap/day)","2020","2020","kcal/capita/day","2194","E","Estimated value",""
"FS","Suite of Food Security Indicators","ZA","South Africa","6128","Value","21057","Average dietary energy requirement (kcal/cap/day)","2015","2015","kcal/capita/day","2404","E","Estimated value",""
"FS","Suite of Food Security Indicators","ZA","South Africa","6128","Value","21057","Average dietary energy requirement (kcal/cap/day)","2020","2020","kcal/capita/day","2412","E","Estimated value",""
"FS","Suite of Food Security Indicators","SS","South Sudan","6128","Value","21057","Average dietary energy requirement (kcal/cap/day)","2015","2015","kcal/capita/day","2189","E","Estimated value",""
"FS","Suite of Food Security Indicators","SS","South Sudan","6128","Value","21057","Average dietary energy requirement (kcal/cap/day)","2020","2020","kcal/capita/day","2207","E","Estimated value",""
"FS","Suite of Food Security Indicators","ES","Spain","6128","Value","21057","Average dietary energy requirement (kcal/cap/day)","2015","2015","kcal/capita/day","2498","E","Estimated value",""
"FS","Suite of Food Security Indicators","ES","Spain","6128","Value","21057","Average dietary energy requirement (kcal/cap/day)","2020","2020","kcal/capita/day","2502","E","Estimated value",""
"FS","Suite of Food Security Indicators","LK","Sri Lanka","6128","Value","21057","Average dietary energy requirement (kcal/cap/day)","2015","2015","kcal/capita/day","2289","E","Estimated value",""
"FS","Suite of Food Security Indicators","LK","Sri Lanka","6128","Value","21057","Average dietary energy requirement (kcal/cap/day)","2020","2020","kcal/capita/day","2293","E","Estimated value",""
"FS","Suite of Food Security Indicators","SD","Sudan","6128","Value","21057","Average dietary energy requirement (kcal/cap/day)","2015","2015","kcal/capita/day","2204","E","Estimated value",""
"FS","Suite of Food Security Indicators","SD","Sudan","6128","Value","21057","Average dietary energy requirement (kcal/cap/day)","2020","2020","kcal/capita/day","2225","E","Estimated value",""
"FS","Suite of Food Security Indicators","SR","Suriname","6128","Value","21057","Average dietary energy requirement (kcal/cap/day)","2015","2015","kcal/capita/day","2368","E","Estimated value",""
"FS","Suite of Food Security Indicators","SR","Suriname","6128","Value","21057","Average dietary energy requirement (kcal/cap/day)","2020","2020","kcal/capita/day","2379","E","Estimated value",""
"FS","Suite of Food Security Indicators","SE","Sweden","6128","Value","21057","Average dietary energy requirement (kcal/cap/day)","2015","2015","kcal/capita/day","2534","E","Estimated value",""
"FS","Suite of Food Security Indicators","SE","Sweden","6128","Value","21057","Average dietary energy requirement (kcal/cap/day)","2020","2020","kcal/capita/day","2530","E","Estimated value",""
"FS","Suite of Food Security Indicators","CH","Switzerland","6128","Value","21057","Average dietary energy requirement (kcal/cap/day)","2015","2015","kcal/capita/day","2565","E","Estimated value",""
"FS","Suite of Food Security Indicators","CH","Switzerland","6128","Value","21057","Average dietary energy requirement (kcal/cap/day)","2020","2020","kcal/capita/day","2555","E","Estimated value",""
"FS","Suite of Food Security Indicators","SY","Syrian Arab Republic","6128","Value","21057","Average dietary energy requirement (kcal/cap/day)","2015","2015","kcal/capita/day","2329","E","Estimated value",""
"FS","Suite of Food Security Indicators","SY","Syrian Arab Republic","6128","Value","21057","Average dietary energy requirement (kcal/cap/day)","2020","2020","kcal/capita/day","2348","E","Estimated value",""
"FS","Suite of Food Security Indicators","TJ","Tajikistan","6128","Value","21057","Average dietary energy requirement (kcal/cap/day)","2015","2015","kcal/capita/day","","O","Missing value",""
"FS","Suite of Food Security Indicators","TJ","Tajikistan","6128","Value","21057","Average dietary energy requirement (kcal/cap/day)","2020","2020","kcal/capita/day","","O","Missing value",""
"FS","Suite of Food Security Indicators","TH","Thailand","6128","Value","21057","Average dietary energy requirement (kcal/cap/day)","2015","2015","kcal/capita/day","2446","E","Estimated value",""
"FS","Suite of Food Security Indicators","TH","Thailand","6128","Value","21057","Average dietary energy requirement (kcal/cap/day)","2020","2020","kcal/capita/day","2443","E","Estimated value",""
"FS","Suite of Food Security Indicators","TL","Timor-Leste","6128","Value","21057","Average dietary energy requirement (kcal/cap/day)","2015","2015","kcal/capita/day","2171","E","Estimated value",""
"FS","Suite of Food Security Indicators","TL","Timor-Leste","6128","Value","21057","Average dietary energy requirement (kcal/cap/day)","2020","2020","kcal/capita/day","2191","E","Estimated value",""
"FS","Suite of Food Security Indicators","TG","Togo","6128","Value","21057","Average dietary energy requirement (kcal/cap/day)","2015","2015","kcal/capita/day","2215","E","Estimated value",""
"FS","Suite of Food Security Indicators","TG","Togo","6128","Value","21057","Average dietary energy requirement (kcal/cap/day)","2020","2020","kcal/capita/day","2239","E","Estimated value",""
"FS","Suite of Food Security Indicators","TK","Tokelau","6128","Value","21057","Average dietary energy requirement (kcal/cap/day)","2015","2015","kcal/capita/day","","O","Missing value",""
"FS","Suite of Food Security Indicators","TK","Tokelau","6128","Value","21057","Average dietary energy requirement (kcal/cap/day)","2020","2020","kcal/capita/day","","O","Missing value",""
"FS","Suite of Food Security Indicators","TO","Tonga","6128","Value","21057","Average dietary energy requirement (kcal/cap/day)","2015","2015","kcal/capita/day","2358","E","Estimated value",""
"FS","Suite of Food Security Indicators","TO","Tonga","6128","Value","21057","Average dietary energy requirement (kcal/cap/day)","2020","2020","kcal/capita/day","2383","E","Estimated value",""
"FS","Suite of Food Security Indicators","TT","Trinidad and Tobago","6128","Value","21057","Average dietary energy requirement (kcal/cap/day)","2015","2015","kcal/capita/day","2423","E","Estimated value",""
"FS","Suite of Food Security Indicators","TT","Trinidad and Tobago","6128","Value","21057","Average dietary energy requirement (kcal/cap/day)","2020","2020","kcal/capita/day","2426","E","Estimated value",""
"FS","Suite of Food Security Indicators","TN","Tunisia","6128","Value","21057","Average dietary energy requirement (kcal/cap/day)","2015","2015","kcal/capita/day","2352","E","Estimated value",""
"FS","Suite of Food Security Indicators","TN","Tunisia","6128","Value","21057","Average dietary energy requirement (kcal/cap/day)","2020","2020","kcal/capita/day","2345","E","Estimated value",""
"FS","Suite of Food Security Indicators","TR","Türkiye","6128","Value","21057","Average dietary energy requirement (kcal/cap/day)","2015","2015","kcal/capita/day","2388","E","Estimated value",""
"FS","Suite of Food Security Indicators","TR","Türkiye","6128","Value","21057","Average dietary energy requirement (kcal/cap/day)","2020","2020","kcal/capita/day","2400","E","Estimated value",""
"FS","Suite of Food Security Indicators","TM","Turkmenistan","6128","Value","21057","Average dietary energy requirement (kcal/cap/day)","2015","2015","kcal/capita/day","2303","E","Estimated value",""
"FS","Suite of Food Security Indicators","TM","Turkmenistan","6128","Value","21057","Average dietary energy requirement (kcal/cap/day)","2020","2020","kcal/capita/day","2300","E","Estimated value",""
"FS","Suite of Food Security Indicators","TV","Tuvalu","6128","Value","21057","Average dietary energy requirement (kcal/cap/day)","2015","2015","kcal/capita/day","","O","Missing value",""
"FS","Suite of Food Security Indicators","TV","Tuvalu","6128","Value","21057","Average dietary energy requirement (kcal/cap/day)","2020","2020","kcal/capita/day","","O","Missing value",""
"FS","Suite of Food Security Indicators","UG","Uganda","6128","Value","21057","Average dietary energy requirement (kcal/cap/day)","2015","2015","kcal/capita/day","2145","E","Estimated value",""
"FS","Suite of Food Security Indicators","UG","Uganda","6128","Value","21057","Average dietary energy requirement (kcal/cap/day)","2020","2020","kcal/capita/day","2177","E","Estimated value",""
"FS","Suite of Food Security Indicators","UA","Ukraine","6128","Value","21057","Average dietary energy requirement (kcal/cap/day)","2015","2015","kcal/capita/day","2481","E","Estimated value",""
"FS","Suite of Food Security Indicators","UA","Ukraine","6128","Value","21057","Average dietary energy requirement (kcal/cap/day)","2020","2020","kcal/capita/day","2479","E","Estimated value",""
"FS","Suite of Food Security Indicators","AE","United Arab Emirates","6128","Value","21057","Average dietary energy requirement (kcal/cap/day)","2015","2015","kcal/capita/day","2676","E","Estimated value",""
"FS","Suite of Food Security Indicators","AE","United Arab Emirates","6128","Value","21057","Average dietary energy requirement (kcal/cap/day)","2020","2020","kcal/capita/day","2662","E","Estimated value",""
"FS","Suite of Food Security Indicators","GB","United Kingdom of Great Britain and Northern Ireland","6128","Value","21057","Average dietary energy requirement (kcal/cap/day)","2015","2015","kcal/capita/day","2488","E","Estimated value",""
"FS","Suite of Food Security Indicators","GB","United Kingdom of Great Britain and Northern Ireland","6128","Value","21057","Average dietary energy requirement (kcal/cap/day)","2020","2020","kcal/capita/day","2488","E","Estimated value",""
"FS","Suite of Food Security Indicators","TZ","United Republic of Tanzania","6128","Value","21057","Average dietary energy requirement (kcal/cap/day)","2015","2015","kcal/capita/day","2126","E","Estimated value",""
"FS","Suite of Food Security Indicators","TZ","United Republic of Tanzania","6128","Value","21057","Average dietary energy requirement (kcal/cap/day)","2020","2020","kcal/capita/day","2144","E","Estimated value",""
"FS","Suite of Food Security Indicators","US","United States of America","6128","Value","21057","Average dietary energy requirement (kcal/cap/day)","2015","2015","kcal/capita/day","2546","E","Estimated value",""
"FS","Suite of Food Security Indicators","US","United States of America","6128","Value","21057","Average dietary energy requirement (kcal/cap/day)","2020","2020","kcal/capita/day","2548","E","Estimated value",""
"FS","Suite of Food Security Indicators","UY","Uruguay","6128","Value","21057","Average dietary energy requirement (kcal/cap/day)","2015","2015","kcal/capita/day","2412","E","Estimated value",""
"FS","Suite of Food Security Indicators","UY","Uruguay","6128","Value","21057","Average dietary energy requirement (kcal/cap/day)","2020","2020","kcal/capita/day","2415","E","Estimated value",""
"FS","Suite of Food Security Indicators","UZ","Uzbekistan","6128","Value","21057","Average dietary energy requirement (kcal/cap/day)","2015","2015","kcal/capita/day","2377","E","Estimated value",""
"FS","Suite of Food Security Indicators","UZ","Uzbekistan","6128","Value","21057","Average dietary energy requirement (kcal/cap/day)","2020","2020","kcal/capita/day","2370","E","Estimated value",""
"FS","Suite of Food Security Indicators","VU","Vanuatu","6128","Value","21057","Average dietary energy requirement (kcal/cap/day)","2015","2015","kcal/capita/day","2156","E","Estimated value",""
"FS","Suite of Food Security Indicators","VU","Vanuatu","6128","Value","21057","Average dietary energy requirement (kcal/cap/day)","2020","2020","kcal/capita/day","2174","E","Estimated value",""
"FS","Suite of Food Security Indicators","VE","Venezuela (Bolivarian Republic of)","6128","Value","21057","Average dietary energy requirement (kcal/cap/day)","2015","2015","kcal/capita/day","2340","E","Estimated value",""
"FS","Suite of Food Security Indicators","VE","Venezuela (Bolivarian Republic of)","6128","Value","21057","Average dietary energy requirement (kcal/cap/day)","2020","2020","kcal/capita/day","2346","E","Estimated value",""
"FS","Suite of Food Security Indicators","VN","Viet Nam","6128","Value","21057","Average dietary energy requirement (kcal/cap/day)","2015","2015","kcal/capita/day","2303","E","Estimated value",""
"FS","Suite of Food Security Indicators","VN","Viet Nam","6128","Value","21057","Average dietary energy requirement (kcal/cap/day)","2020","2020","kcal/capita/day","2294","E","Estimated value",""
"FS","Suite of Food Security Indicators","YE","Yemen","6128","Value","21057","Average dietary energy requirement (kcal/cap/day)","2015","2015","kcal/capita/day","2166","E","Estimated value",""
"FS","Suite of Food Security Indicators","YE","Yemen","6128","Value","21057","Average dietary energy requirement (kcal/cap/day)","2020","2020","kcal/capita/day","2191","E","Estimated value",""
"FS","Suite of Food Security Indicators","ZM","Zambia","6128","Value","21057","Average dietary energy requirement (kcal/cap/day)","2015","2015","kcal/capita/day","","O","Missing value",""
"FS","Suite of Food Security Indicators","ZM","Zambia","6128","Value","21057","Average dietary energy requirement (kcal/cap/day)","2020","2020","kcal/capita/day","","O","Missing value",""
"FS","Suite of Food Security Indicators","ZW","Zimbabwe","6128","Value","21057","Average dietary energy requirement (kcal/cap/day)","2015","2015","kcal/capita/day","2212","E","Estimated value",""
"FS","Suite of Food Security Indicators","ZW","Zimbabwe","6128","Value","21057","Average dietary energy requirement (kcal/cap/day)","2020","2020","kcal/capita/day","2240","E","Estimated value",""
